UniprotAccession	Organism	Kingdom	ProteinLength	TMHelixFirst90
O95817	Homo sapiens	Metazoa	575	False
Q62504	Mus musculus	Metazoa	3644	False
Q9LG05	Arabidopsis thaliana	Viridiplantae	485	False
P33307	Saccharomyces cerevisiae	Fungi	960	False
P08580	Neurospora crassa	Fungi	107	False
P49685	Homo sapiens	Metazoa	360	True
O96759	Dictyostelium discoideum	Other	611	False
P06526	Bos taurus	Metazoa	509	False
Q93Y07	Arabidopsis thaliana	Viridiplantae	622	True
A2AMM0	Mus musculus	Metazoa	362	False
O95210	Homo sapiens	Metazoa	358	True
Q9UJ42	Homo sapiens	Metazoa	338	True
Q9P7S3	Schizosaccharomyces pombe	Fungi	425	False
P02489	Homo sapiens	Metazoa	173	False
Q9NJP9	Trypanosoma brucei brucei	Other	512	False
Q8WV22	Homo sapiens	Metazoa	266	False
Q05892	Saccharomyces cerevisiae	Fungi	277	False
O95278	Homo sapiens	Metazoa	331	False
Q96KG9	Homo sapiens	Metazoa	808	False
Q62847	Rattus norvegicus	Metazoa	705	False
O74517	Schizosaccharomyces pombe	Fungi	278	False
Q4ADV7	Homo sapiens	Metazoa	1423	False
Q01981	Emericella nidulans	Fungi	416	False
Q8K337	Mus musculus	Metazoa	993	False
Q3MIR4	Homo sapiens	Metazoa	351	True
Q80WE4	Mus musculus	Metazoa	1774	False
Q6DKI7	Homo sapiens	Metazoa	326	True
Q01593	Arabidopsis thaliana	Viridiplantae	720	False
Q9QXX8	Mus musculus	Metazoa	484	False
Q8ND71	Homo sapiens	Metazoa	665	False
Q94230	Caenorhabditis elegans	Metazoa	226	False
P33400	Saccharomyces cerevisiae	Fungi	625	False
Q9JK24	Mus musculus	Metazoa	453	False
P38907	Saccharomyces cerevisiae	Fungi	458	False
F4IHY7	Arabidopsis thaliana	Viridiplantae	527	False
Q6NPN9	Arabidopsis thaliana	Viridiplantae	350	False
Q15560	Homo sapiens	Metazoa	299	False
Q92979	Homo sapiens	Metazoa	244	False
D3J162	Medicago truncatula	Viridiplantae	541	False
Q9CR14	Mus musculus	Metazoa	375	False
Q96MH2	Homo sapiens	Metazoa	286	False
Q15126	Homo sapiens	Metazoa	192	False
Q86BP6	Drosophila melanogaster	Metazoa	1162	False
F4K410	Arabidopsis thaliana	Viridiplantae	675	False
Q9S7E9	Arabidopsis thaliana	Viridiplantae	481	False
Q9LD43	Arabidopsis thaliana	Viridiplantae	769	False
P53734	Saccharomyces cerevisiae	Fungi	629	False
Q8L794	Arabidopsis thaliana	Viridiplantae	478	False
P39013	Saccharomyces cerevisiae	Fungi	349	False
P78811	Schizosaccharomyces pombe	Fungi	506	False
Q9BRT2	Homo sapiens	Metazoa	126	False
O74986	Schizosaccharomyces pombe	Fungi	294	False
P43616	Saccharomyces cerevisiae	Fungi	481	False
Q3URQ0	Mus musculus	Metazoa	928	False
P38302	Saccharomyces cerevisiae	Fungi	140	False
Q9UNA4	Homo sapiens	Metazoa	740	False
P82924	Bos taurus	Metazoa	435	False
Q7TNK1	Mus musculus	Metazoa	735	False
A8MTT3	Homo sapiens	Metazoa	80	True
Q9R1C0	Mus musculus	Metazoa	341	False
Q8WXE1	Homo sapiens	Metazoa	791	False
Q9VLP7	Drosophila melanogaster	Metazoa	397	False
P14712	Arabidopsis thaliana	Viridiplantae	1122	False
Q7SCZ3	Neurospora crassa	Fungi	218	False
P53911	Saccharomyces cerevisiae	Fungi	425	False
Q9H307	Homo sapiens	Metazoa	717	False
Q9DBL9	Mus musculus	Metazoa	351	False
Q9FLU1	Arabidopsis thaliana	Viridiplantae	454	False
P38207	Saccharomyces cerevisiae	Fungi	520	False
Q12104	Saccharomyces cerevisiae	Fungi	458	False
P53226	Saccharomyces cerevisiae	Fungi	547	False
Q93YW0	Arabidopsis thaliana	Viridiplantae	684	False
Q9EPA0	Rattus norvegicus	Metazoa	957	False
Q96RK1	Homo sapiens	Metazoa	184	False
Q8R0W0	Mus musculus	Metazoa	6548	False
O75531	Homo sapiens	Metazoa	89	False
Q99607	Homo sapiens	Metazoa	663	False
Q02637	Drosophila melanogaster	Metazoa	449	False
O64759	Arabidopsis thaliana	Viridiplantae	569	True
P53070	Saccharomyces cerevisiae	Fungi	669	False
Q7TNS8	Mus musculus	Metazoa	369	False
Q9XFT3	Arabidopsis thaliana	Viridiplantae	224	False
P33897	Homo sapiens	Metazoa	745	False
Q8TEW0	Homo sapiens	Metazoa	1356	False
Q04401	Saccharomyces cerevisiae	Fungi	133	False
Q01664	Homo sapiens	Metazoa	338	False
Q9FX53	Arabidopsis thaliana	Viridiplantae	406	False
Q9CPR8	Mus musculus	Metazoa	279	False
Q86WR0	Homo sapiens	Metazoa	208	True
P40995	Schizosaccharomyces pombe	Fungi	872	False
O55035	Rattus norvegicus	Metazoa	752	False
Q99M04	Mus musculus	Metazoa	373	False
Q9ZVD0	Arabidopsis thaliana	Viridiplantae	720	False
Q6TA49	Sus scrofa	Metazoa	289	True
P40164	Saccharomyces cerevisiae	Fungi	858	False
Q9W4S7	Drosophila melanogaster	Metazoa	717	False
Q96N77	Homo sapiens	Metazoa	438	False
Q8II12	Plasmodium falciparum	Other	409	True
P47084	Saccharomyces cerevisiae	Fungi	519	False
P53127	Saccharomyces cerevisiae	Fungi	1403	False
Q8N183	Homo sapiens	Metazoa	169	False
Q5WRN1	Caenorhabditis elegans	Metazoa	301	True
O94708	Schizosaccharomyces pombe	Fungi	394	False
Q8WUG5	Homo sapiens	Metazoa	649	False
Q12089	Saccharomyces cerevisiae	Fungi	606	False
Q17569	Caenorhabditis elegans	Metazoa	389	False
Q10187	Schizosaccharomyces pombe	Fungi	612	False
P53598	Saccharomyces cerevisiae	Fungi	329	False
Q9FGT8	Arabidopsis thaliana	Viridiplantae	186	False
Q8NI35	Homo sapiens	Metazoa	1801	False
Q7TSD4	Mus musculus	Metazoa	393	False
Q9SEL7	Arabidopsis thaliana	Viridiplantae	323	False
P53276	Saccharomyces cerevisiae	Fungi	713	False
Q7Z713	Homo sapiens	Metazoa	158	False
Q9C5Q8	Arabidopsis thaliana	Viridiplantae	942	False
O22267	Arabidopsis thaliana	Viridiplantae	1122	True
P46736	Homo sapiens	Metazoa	316	False
P40326	Saccharomyces cerevisiae	Fungi	108	False
P40517	Saccharomyces cerevisiae	Fungi	327	False
Q9ES71	Rattus norvegicus	Metazoa	678	False
Q924K8	Mus musculus	Metazoa	591	False
Q9M5P2	Arabidopsis thaliana	Viridiplantae	289	False
P49842	Homo sapiens	Metazoa	254	False
P46959	Saccharomyces cerevisiae	Fungi	383	False
P48382	Homo sapiens	Metazoa	616	False
Q64267	Mus musculus	Metazoa	272	False
Q9H9Q4	Homo sapiens	Metazoa	299	False
Q5M731	Arabidopsis thaliana	Viridiplantae	522	False
P27788	Zea mays	Viridiplantae	152	False
Q2MH31	Mus musculus	Metazoa	260	False
P61221	Homo sapiens	Metazoa	599	False
Q9SYM0	Arabidopsis thaliana	Viridiplantae	333	False
P32344	Saccharomyces cerevisiae	Fungi	111	False
Q9H8K7	Homo sapiens	Metazoa	445	False
Q6ZPR5	Mus musculus	Metazoa	823	False
Q9FWR4	Arabidopsis thaliana	Viridiplantae	213	False
Q8TEV9	Homo sapiens	Metazoa	937	False
Q9QYK3	Rattus norvegicus	Metazoa	287	False
Q7KTX8	Drosophila melanogaster	Metazoa	2618	False
P49599	Arabidopsis thaliana	Viridiplantae	388	False
Q00453	Saccharomyces cerevisiae	Fungi	211	False
Q9HEQ9	Schizosaccharomyces pombe	Fungi	349	False
P33751	Saccharomyces cerevisiae	Fungi	242	False
Q05024	Saccharomyces cerevisiae	Fungi	226	False
P40993	Saccharomyces cerevisiae	Fungi	198	False
Q8NDV2	Homo sapiens	Metazoa	337	True
Q9LQU4	Arabidopsis thaliana	Viridiplantae	152	True
Q0JJ05	Oryza sativa subsp. japonica	Viridiplantae	987	False
P27351	Saccharomyces cerevisiae	Fungi	700	False
P70033	Xenopus laevis	Metazoa	435	False
Q9SIY3	Arabidopsis thaliana	Viridiplantae	210	False
O49570	Arabidopsis thaliana	Viridiplantae	650	False
Q6GLP4	Xenopus laevis	Metazoa	391	False
Q1PDI2	Arabidopsis thaliana	Viridiplantae	487	False
P40631	Tetrahymena thermophila	Other	633	False
P36213	Hordeum vulgare	Viridiplantae	205	False
F4JZY1	Arabidopsis thaliana	Viridiplantae	1586	False
Q9WVR8	Rattus norvegicus	Metazoa	610	False
V6CLJ5	Caenorhabditis elegans	Metazoa	790	False
P06391	Nicotiana tabacum	Viridiplantae	93	False
B7SXM5	Danio rerio	Metazoa	180	False
Q6PII3	Homo sapiens	Metazoa	467	False
Q08959	Saccharomyces cerevisiae	Fungi	321	False
Q9USX4	Schizosaccharomyces pombe	Fungi	108	False
Q06639	Saccharomyces cerevisiae	Fungi	885	False
P38961	Saccharomyces cerevisiae	Fungi	392	False
Q09873	Schizosaccharomyces pombe	Fungi	420	False
Q96AJ1	Homo sapiens	Metazoa	413	False
Q10173	Schizosaccharomyces pombe	Fungi	441	False
P53881	Saccharomyces cerevisiae	Fungi	309	False
O73622	Xenopus laevis	Metazoa	293	False
E9PYL2	Mus musculus	Metazoa	2035	False
Q69ZF8	Mus musculus	Metazoa	577	False
P07247	Drosophila melanogaster	Metazoa	502	False
P48634	Homo sapiens	Metazoa	2157	False
Q61471	Mus musculus	Metazoa	362	False
O94446	Schizosaccharomyces pombe	Fungi	463	False
Q6UL01	Mus musculus	Metazoa	79	False
Q8I266	Plasmodium falciparum	Other	1470	True
O82245	Arabidopsis thaliana	Viridiplantae	196	True
O24629	Arabidopsis thaliana	Viridiplantae	502	False
Q9UDW3	Homo sapiens	Metazoa	170	False
P32048	Saccharomyces cerevisiae	Fungi	576	False
Q10210	Schizosaccharomyces pombe	Fungi	391	False
Q04003	Saccharomyces cerevisiae	Fungi	481	False
Q9FIG9	Arabidopsis thaliana	Viridiplantae	801	False
O60447	Homo sapiens	Metazoa	810	False
Q9ZV06	Arabidopsis thaliana	Viridiplantae	236	False
P38751	Saccharomyces cerevisiae	Fungi	150	False
P30605	Saccharomyces cerevisiae	Fungi	584	True
Q27934	Drosophila melanogaster	Metazoa	400	False
P39001	Saccharomyces cerevisiae	Fungi	836	False
B6RAL1	Penicillium expansum	Fungi	1394	False
Q960V3	Drosophila melanogaster	Metazoa	1122	False
Q8H124	Arabidopsis thaliana	Viridiplantae	280	False
F6ZDS4	Mus musculus	Metazoa	2431	False
Q9HB07	Homo sapiens	Metazoa	376	False
Q96NY9	Homo sapiens	Metazoa	551	False
F4I718	Arabidopsis thaliana	Viridiplantae	2136	False
Q9VPM5	Drosophila melanogaster	Metazoa	539	False
Q6ZWS8	Mus musculus	Metazoa	374	False
Q9BSN7	Homo sapiens	Metazoa	226	True
Q6C6R8	Yarrowia lipolytica	Fungi	417	False
P25555	Saccharomyces cerevisiae	Fungi	427	False
Q9BSH3	Homo sapiens	Metazoa	213	False
Q8TDV2	Homo sapiens	Metazoa	347	True
B7Z0I7	Drosophila melanogaster	Metazoa	351	False
Q38HM4	Mus musculus	Metazoa	350	False
Q642G4	Rattus norvegicus	Metazoa	376	False
Q680Q4	Arabidopsis thaliana	Viridiplantae	884	False
Q94AR8	Arabidopsis thaliana	Viridiplantae	509	False
Q05636	Saccharomyces cerevisiae	Fungi	305	False
Q38946	Arabidopsis thaliana	Viridiplantae	411	False
Q8GS60	Arabidopsis thaliana	Viridiplantae	462	False
Q02969	Saccharomyces cerevisiae	Fungi	394	False
Q9NTI7	Homo sapiens	Metazoa	297	False
Q99679	Homo sapiens	Metazoa	349	True
Q949P2	Arabidopsis thaliana	Viridiplantae	701	False
Q95T19	Drosophila melanogaster	Metazoa	464	False
Q921N8	Mus musculus	Metazoa	327	False
Q9VXE6	Drosophila melanogaster	Metazoa	1883	False
O94326	Schizosaccharomyces pombe	Fungi	609	False
G5EE01	Caenorhabditis elegans	Metazoa	962	False
Q84MB5	Arabidopsis thaliana	Viridiplantae	280	True
Q9SR43	Arabidopsis thaliana	Viridiplantae	329	False
Q8IZA0	Homo sapiens	Metazoa	1049	True
Q7TNT2	Mus musculus	Metazoa	515	False
Q94535	Drosophila melanogaster	Metazoa	264	False
Q9C9B9	Arabidopsis thaliana	Viridiplantae	643	False
Q04437	Saccharomyces cerevisiae	Fungi	629	False
Q9HGL9	Schizosaccharomyces pombe	Fungi	252	False
Q7DMA9	Arabidopsis thaliana	Viridiplantae	635	False
Q12146	Saccharomyces cerevisiae	Fungi	194	False
P37271	Arabidopsis thaliana	Viridiplantae	422	False
P34447	Caenorhabditis elegans	Metazoa	867	False
D3YN49	Xenopus laevis	Metazoa	316	False
Q9LZW2	Arabidopsis thaliana	Viridiplantae	270	False
P53233	Saccharomyces cerevisiae	Fungi	369	False
Q8GWA2	Arabidopsis thaliana	Viridiplantae	273	False
Q8AYS7	Gallus gallus	Metazoa	753	False
F8VPN2	Mus musculus	Metazoa	2785	False
F1M386	Rattus norvegicus	Metazoa	1496	False
P40957	Saccharomyces cerevisiae	Fungi	749	False
P25028	Drosophila melanogaster	Metazoa	696	False
Q09260	Caenorhabditis elegans	Metazoa	490	False
O95948	Homo sapiens	Metazoa	504	False
Q04637	Homo sapiens	Metazoa	1599	False
Q8S9M1	Arabidopsis thaliana	Viridiplantae	299	False
Q9SWA6	Arabidopsis thaliana	Viridiplantae	432	False
P47116	Saccharomyces cerevisiae	Fungi	818	False
Q9H467	Homo sapiens	Metazoa	287	False
D3Z6Q9	Mus musculus	Metazoa	489	False
O80796	Arabidopsis thaliana	Viridiplantae	330	False
Q9Y2M2	Homo sapiens	Metazoa	375	False
Q3S4A7	Arabidopsis thaliana	Viridiplantae	922	False
Q5VTB9	Homo sapiens	Metazoa	566	False
P53437	Saccharomyces cerevisiae	Fungi	365	False
P56347	Chlorella vulgaris	Viridiplantae	161	False
Q802Y8	Danio rerio	Metazoa	671	False
Q07980	Saccharomyces cerevisiae	Fungi	695	False
F4JZG9	Arabidopsis thaliana	Viridiplantae	384	False
Q9BUU2	Homo sapiens	Metazoa	404	False
P42858	Homo sapiens	Metazoa	3142	False
Q10222	Schizosaccharomyces pombe	Fungi	670	False
P38300	Saccharomyces cerevisiae	Fungi	278	False
Q9NZM5	Homo sapiens	Metazoa	478	False
Q9VJL6	Drosophila melanogaster	Metazoa	138	False
P49773	Homo sapiens	Metazoa	126	False
Q9UTI3	Schizosaccharomyces pombe	Fungi	177	False
Q8WUX9	Homo sapiens	Metazoa	453	False
P54103	Mus musculus	Metazoa	621	False
Q01726	Homo sapiens	Metazoa	317	True
P53136	Saccharomyces cerevisiae	Fungi	463	False
Q8WXD5	Homo sapiens	Metazoa	167	False
Q41142	Ricinus communis	Viridiplantae	808	False
Q12386	Saccharomyces cerevisiae	Fungi	881	False
P23610	Homo sapiens	Metazoa	371	False
P32453	Saccharomyces cerevisiae	Fungi	318	False
Q96P70	Homo sapiens	Metazoa	1041	False
Q09014	Mus musculus	Metazoa	390	False
Q8N3J3	Homo sapiens	Metazoa	647	False
O60566	Homo sapiens	Metazoa	1050	False
Q9ULR3	Homo sapiens	Metazoa	514	False
Q92785	Homo sapiens	Metazoa	391	False
Q9JLI6	Mus musculus	Metazoa	432	False
P46939	Homo sapiens	Metazoa	3433	False
O43290	Homo sapiens	Metazoa	800	False
P13405	Mus musculus	Metazoa	921	False
P47085	Saccharomyces cerevisiae	Fungi	338	False
Q9NX55	Homo sapiens	Metazoa	121	False
P18911	Mus musculus	Metazoa	458	False
O94248	Schizosaccharomyces pombe	Fungi	4717	False
Q7TP54	Rattus norvegicus	Metazoa	1310	False
P43079	Candida albicans	Fungi	656	False
P40169	Saccharomyces cerevisiae	Fungi	301	True
Q9XZ34	Drosophila melanogaster	Metazoa	1416	False
P21245	Candida boidinii	Fungi	423	True
Q18171	Caenorhabditis elegans	Metazoa	424	False
Q06324	Saccharomyces cerevisiae	Fungi	491	False
Q8BL80	Mus musculus	Metazoa	702	False
O00287	Homo sapiens	Metazoa	272	False
Q9FPR3	Arabidopsis thaliana	Viridiplantae	933	False
O65370	Arabidopsis thaliana	Viridiplantae	138	False
P28324	Homo sapiens	Metazoa	431	False
P40530	Saccharomyces cerevisiae	Fungi	394	False
O14893	Homo sapiens	Metazoa	280	False
Q15326	Homo sapiens	Metazoa	602	False
Q9BT92	Homo sapiens	Metazoa	498	False
Q93VB2	Arabidopsis thaliana	Viridiplantae	425	False
Q9LYY2	Arabidopsis thaliana	Viridiplantae	112	True
Q0WUY1	Arabidopsis thaliana	Viridiplantae	534	False
Q12349	Saccharomyces cerevisiae	Fungi	124	False
Q764M6	Sus scrofa	Metazoa	419	False
Q9Y275	Homo sapiens	Metazoa	285	True
Q9V3V7	Drosophila melanogaster	Metazoa	222	False
Q14686	Homo sapiens	Metazoa	2063	False
P70331	Mus musculus	Metazoa	251	False
O42998	Schizosaccharomyces pombe	Fungi	1919	False
A6NJ78	Homo sapiens	Metazoa	407	False
P40923	Schizosaccharomyces pombe	Fungi	201	False
Q9UU76	Schizosaccharomyces pombe	Fungi	642	False
Q9UUH6	Schizosaccharomyces pombe	Fungi	188	False
P38782	Saccharomyces cerevisiae	Fungi	295	False
Q3U827	Mus musculus	Metazoa	592	False
Q93008	Homo sapiens	Metazoa	2554	False
Q07897	Saccharomyces cerevisiae	Fungi	291	False
Q6UJY2	Mus musculus	Metazoa	1175	True
Q9BT17	Homo sapiens	Metazoa	334	False
O94864	Homo sapiens	Metazoa	414	False
P53721	Saccharomyces cerevisiae	Fungi	224	True
Q925G0	Rattus norvegicus	Metazoa	155	False
Q9C5Z3	Arabidopsis thaliana	Viridiplantae	441	False
Q03435	Saccharomyces cerevisiae	Fungi	203	False
O94516	Schizosaccharomyces pombe	Fungi	364	False
Q9C565	Arabidopsis thaliana	Viridiplantae	373	False
Q8NBS3	Homo sapiens	Metazoa	875	False
P41696	Saccharomyces cerevisiae	Fungi	914	False
Q92974	Homo sapiens	Metazoa	986	False
O00522	Homo sapiens	Metazoa	736	False
Q9UMX3	Homo sapiens	Metazoa	212	False
Q80U87	Mus musculus	Metazoa	1080	False
Q383Q5	Trypanosoma brucei brucei	Other	209	False
Q9BU64	Homo sapiens	Metazoa	300	False
P06652	Schizosaccharomyces pombe	Fungi	596	False
Q7S5M7	Neurospora crassa	Fungi	64	True
P11101	Rattus norvegicus	Metazoa	114	False
Q8C551	Mus musculus	Metazoa	337	False
P97609	Rattus norvegicus	Metazoa	1181	False
Q54ET6	Dictyostelium discoideum	Other	2364	False
Q15477	Homo sapiens	Metazoa	1246	False
F2Z699	Yarrowia lipolytica	Fungi	582	False
O54693	Mus musculus	Metazoa	391	True
Q9P6P2	Schizosaccharomyces pombe	Fungi	265	False
Q96FQ6	Homo sapiens	Metazoa	103	False
Q59UY7	Candida albicans	Fungi	917	False
P82670	Bos taurus	Metazoa	201	False
P49299	Cucurbita maxima	Viridiplantae	516	False
A0A509AER3	Plasmodium berghei	Other	247	False
Q9LUI2	Arabidopsis thaliana	Viridiplantae	1728	False
Q8NE35	Homo sapiens	Metazoa	698	False
Q9D945	Mus musculus	Metazoa	130	False
Q45FA5	Physarum polycephalum	Other	426	False
Q7JRE4	Drosophila melanogaster	Metazoa	650	False
Q9LVG4	Arabidopsis thaliana	Viridiplantae	495	False
Q9UKN8	Homo sapiens	Metazoa	822	False
Q8RWN0	Arabidopsis thaliana	Viridiplantae	571	False
Q9USW5	Schizosaccharomyces pombe	Fungi	262	False
Q8IVS2	Homo sapiens	Metazoa	390	False
Q20929	Caenorhabditis elegans	Metazoa	510	True
P36064	Saccharomyces cerevisiae	Fungi	111	False
Q9GYS1	Caenorhabditis elegans	Metazoa	459	False
Q9ERS2	Mus musculus	Metazoa	144	True
Q674X7	Homo sapiens	Metazoa	775	False
P40159	Saccharomyces cerevisiae	Fungi	199	False
Q9NQV6	Homo sapiens	Metazoa	1147	False
Q8C0R7	Mus musculus	Metazoa	736	False
P22141	Saccharomyces cerevisiae	Fungi	198	False
P19525	Homo sapiens	Metazoa	551	False
Q3HNG7	Bos taurus	Metazoa	343	False
D4A7U2	Rattus norvegicus	Metazoa	587	False
P53196	Saccharomyces cerevisiae	Fungi	417	False
P53895	Saccharomyces cerevisiae	Fungi	289	False
Q80SU7	Mus musculus	Metazoa	2427	False
Q96PX9	Homo sapiens	Metazoa	1627	False
Q9NVR2	Homo sapiens	Metazoa	710	False
Q64727	Mus musculus	Metazoa	1066	False
Q7RYV0	Neurospora crassa	Fungi	176	False
P81269	Mus musculus	Metazoa	269	False
Q5HZI1	Mus musculus	Metazoa	1210	False
Q15785	Homo sapiens	Metazoa	309	False
Q62264	Mus musculus	Metazoa	150	False
P36131	Saccharomyces cerevisiae	Fungi	295	False
Q99LC3	Mus musculus	Metazoa	355	False
Q86YD1	Homo sapiens	Metazoa	416	False
Q6W2J9	Homo sapiens	Metazoa	1755	False
P47027	Saccharomyces cerevisiae	Fungi	764	False
O23661	Arabidopsis thaliana	Viridiplantae	608	False
P53507	Saccharomyces cerevisiae	Fungi	60	True
Q06623	Saccharomyces cerevisiae	Fungi	655	False
Q94126	Caenorhabditis elegans	Metazoa	211	False
Q9CZP5	Mus musculus	Metazoa	418	True
Q8GZR2	Euglena gracilis	Other	496	False
Q15464	Homo sapiens	Metazoa	509	False
Q63285	Rattus norvegicus	Metazoa	419	False
P36046	Saccharomyces cerevisiae	Fungi	403	True
Q17635	Caenorhabditis elegans	Metazoa	590	False
Q923S6	Mus musculus	Metazoa	574	False
Q3SZC1	Bos taurus	Metazoa	217	False
Q6DBR6	Danio rerio	Metazoa	334	False
Q02038	Sus scrofa	Metazoa	704	False
Q08236	Saccharomyces cerevisiae	Fungi	1176	False
Q8BIA4	Mus musculus	Metazoa	598	False
P16550	Saccharomyces cerevisiae	Fungi	321	False
P53330	Saccharomyces cerevisiae	Fungi	157	False
P50749	Homo sapiens	Metazoa	326	False
Q96IR7	Homo sapiens	Metazoa	371	False
Q10PI9	Oryza sativa subsp. japonica	Viridiplantae	459	False
Q9V727	Drosophila melanogaster	Metazoa	1669	False
O74317	Schizosaccharomyces pombe	Fungi	113	False
Q9HBL8	Homo sapiens	Metazoa	299	False
Q02796	Saccharomyces cerevisiae	Fungi	332	False
P03880	Emericella nidulans	Fungi	488	False
Q5TB30	Homo sapiens	Metazoa	811	False
Q9BWF2	Homo sapiens	Metazoa	469	False
P26188	Saccharomyces cerevisiae	Fungi	188	False
Q9UTE3	Schizosaccharomyces pombe	Fungi	620	False
G5EDE2	Caenorhabditis elegans	Metazoa	175	False
Q04175	Saccharomyces cerevisiae	Fungi	944	False
O80952	Arabidopsis thaliana	Viridiplantae	296	False
Q12788	Homo sapiens	Metazoa	808	False
Q9XF57	Arabidopsis thaliana	Viridiplantae	317	False
Q6SKR2	Mus musculus	Metazoa	214	False
P0DI83	Homo sapiens	Metazoa	198	False
P07884	Saccharomyces cerevisiae	Fungi	428	False
Q9H211	Homo sapiens	Metazoa	546	False
P15340	Gallus gallus	Metazoa	62	False
M0R3Q7	Rattus norvegicus	Metazoa	905	False
Q13309	Homo sapiens	Metazoa	424	False
Q7XB51	Physcomitrium patens	Viridiplantae	967	True
O15360	Homo sapiens	Metazoa	1455	False
Q9LLC6	Chlamydomonas reinhardtii	Viridiplantae	198	False
P87112	Schizosaccharomyces pombe	Fungi	2100	False
Q9UHA3	Homo sapiens	Metazoa	163	False
Q9QYE3	Mus musculus	Metazoa	835	False
O14464	Saccharomyces cerevisiae	Fungi	93	False
Q9NZM1	Homo sapiens	Metazoa	2061	False
P39880	Homo sapiens	Metazoa	1505	False
P00918	Homo sapiens	Metazoa	260	False
Q4KMM3	Mus musculus	Metazoa	866	False
P34160	Saccharomyces cerevisiae	Fungi	861	False
P36036	Saccharomyces cerevisiae	Fungi	203	False
Q04545	Saccharomyces cerevisiae	Fungi	1251	False
Q59LY1	Candida albicans	Fungi	422	False
Q9H813	Homo sapiens	Metazoa	350	True
Q86W26	Homo sapiens	Metazoa	655	False
P35731	Saccharomyces cerevisiae	Fungi	278	False
Q96RL7	Homo sapiens	Metazoa	3174	False
P48608	Drosophila melanogaster	Metazoa	1091	False
Q6RVV4	Pisum sativum	Viridiplantae	316	False
Q9C115	Schizosaccharomyces pombe	Fungi	150	False
P22293	Drosophila melanogaster	Metazoa	1325	False
Q99JZ7	Mus musculus	Metazoa	461	False
Q96N11	Homo sapiens	Metazoa	449	False
Q42736	Flaveria pringlei	Viridiplantae	956	False
O15431	Homo sapiens	Metazoa	190	True
Q9SFU0	Arabidopsis thaliana	Viridiplantae	1038	False
Q9FFD8	Arabidopsis thaliana	Viridiplantae	104	False
Q9M9L6	Arabidopsis thaliana	Viridiplantae	211	False
Q5NCM1	Mus musculus	Metazoa	492	False
O74500	Schizosaccharomyces pombe	Fungi	736	False
O13807	Schizosaccharomyces pombe	Fungi	1072	False
Q69ZK0	Mus musculus	Metazoa	1650	False
Q10L01	Oryza sativa subsp. japonica	Viridiplantae	382	True
Q8WV93	Homo sapiens	Metazoa	481	False
Q03862	Saccharomyces cerevisiae	Fungi	593	False
Q9H6U6	Homo sapiens	Metazoa	928	False
P25348	Saccharomyces cerevisiae	Fungi	183	False
O77480	Bos taurus	Metazoa	390	False
O23277	Arabidopsis thaliana	Viridiplantae	1330	False
Q9Y375	Homo sapiens	Metazoa	327	False
Q13889	Homo sapiens	Metazoa	308	False
Q95TS5	Drosophila melanogaster	Metazoa	654	False
Q9W484	Drosophila melanogaster	Metazoa	985	False
O09174	Mus musculus	Metazoa	381	False
O59836	Schizosaccharomyces pombe	Fungi	545	False
Q96QT6	Homo sapiens	Metazoa	1004	False
Q06991	Saccharomyces cerevisiae	Fungi	263	True
Q92186	Homo sapiens	Metazoa	375	True
B3DH96	Danio rerio	Metazoa	325	True
P31356	Todarodes pacificus	Metazoa	448	True
Q9MBA2	Arabidopsis thaliana	Viridiplantae	326	False
Q3E6R5	Saccharomyces cerevisiae	Fungi	114	True
O43052	Schizosaccharomyces pombe	Fungi	1150	False
Q8JFQ4	Gallus gallus	Metazoa	277	False
O54942	Mus musculus	Metazoa	218	True
Q93YF5	Nicotiana tabacum	Viridiplantae	704	False
Q9GZP8	Homo sapiens	Metazoa	106	False
Q61510	Mus musculus	Metazoa	634	False
Q8BMA5	Mus musculus	Metazoa	1420	False
Q8IRH5	Drosophila melanogaster	Metazoa	733	False
Q96HS1	Homo sapiens	Metazoa	289	True
Q9Y6H6	Homo sapiens	Metazoa	103	True
Q4WJ81	Aspergillus fumigatus	Fungi	754	False
P10676	Drosophila melanogaster	Metazoa	1501	False
O43006	Schizosaccharomyces pombe	Fungi	225	False
P36161	Saccharomyces cerevisiae	Fungi	1157	False
P32567	Saccharomyces cerevisiae	Fungi	862	False
F4J284	Arabidopsis thaliana	Viridiplantae	860	False
Q91VJ5	Mus musculus	Metazoa	263	False
A4UVI1	Papio anubis	Metazoa	444	False
P0C7T6	Mus musculus	Metazoa	687	False
Q92982	Homo sapiens	Metazoa	152	True
Q18909	Caenorhabditis elegans	Metazoa	319	False
Q12220	Saccharomyces cerevisiae	Fungi	943	False
P91027	Caenorhabditis elegans	Metazoa	338	False
P18412	Saccharomyces cerevisiae	Fungi	486	False
Q86MI0	Caenorhabditis elegans	Metazoa	468	False
Q7LDG7	Homo sapiens	Metazoa	609	False
C4QM85	Schistosoma mansoni	Metazoa	419	True
O13965	Schizosaccharomyces pombe	Fungi	730	False
O75592	Homo sapiens	Metazoa	4678	False
Q93227	Caenorhabditis elegans	Metazoa	431	False
Q53F19	Homo sapiens	Metazoa	620	False
P22893	Mus musculus	Metazoa	319	False
Q9BT78	Homo sapiens	Metazoa	406	False
P17629	Saccharomyces cerevisiae	Fungi	752	False
Q6ZWQ0	Mus musculus	Metazoa	6874	False
P38278	Saccharomyces cerevisiae	Fungi	337	False
O94687	Schizosaccharomyces pombe	Fungi	549	False
Q9LLY4	Brassica napus	Viridiplantae	344	False
A7UL74	Arabidopsis thaliana	Viridiplantae	345	False
Q3KRB8	Homo sapiens	Metazoa	267	False
Q06678	Saccharomyces cerevisiae	Fungi	367	False
P86397	Homo sapiens	Metazoa	168	False
Q06632	Saccharomyces cerevisiae	Fungi	1357	False
Q7KZN9	Homo sapiens	Metazoa	410	True
Q04002	Saccharomyces cerevisiae	Fungi	1493	False
Q12277	Saccharomyces cerevisiae	Fungi	265	False
Q63836	Mus musculus	Metazoa	472	False
Q54ER9	Dictyostelium discoideum	Other	602	False
Q02642	Saccharomyces cerevisiae	Fungi	157	False
Q9ASS2	Arabidopsis thaliana	Viridiplantae	601	False
P28321	Saccharomyces cerevisiae	Fungi	313	False
Q9S7R7	Arabidopsis thaliana	Viridiplantae	460	False
Q9QVP9	Mus musculus	Metazoa	1009	False
P24752	Homo sapiens	Metazoa	427	False
Q9LSD0	Arabidopsis thaliana	Viridiplantae	332	False
Q6PGP7	Homo sapiens	Metazoa	1564	False
Q9D995	Mus musculus	Metazoa	334	False
O49782	Arabidopsis thaliana	Viridiplantae	352	False
Q7SIG6	Mus musculus	Metazoa	958	False
Q04601	Saccharomyces cerevisiae	Fungi	652	False
P46059	Homo sapiens	Metazoa	708	True
Q9WVJ4	Rattus norvegicus	Metazoa	145	False
P51946	Homo sapiens	Metazoa	323	False
Q6P6J4	Mus musculus	Metazoa	239	False
Q1K5R0	Neurospora crassa	Fungi	108	False
Q9LXF3	Arabidopsis thaliana	Viridiplantae	187	True
P36617	Schizosaccharomyces pombe	Fungi	877	False
O74388	Schizosaccharomyces pombe	Fungi	301	False
Q84VG7	Arabidopsis thaliana	Viridiplantae	587	False
P40318	Saccharomyces cerevisiae	Fungi	1319	False
O44548	Caenorhabditis elegans	Metazoa	877	False
Q96CW1	Homo sapiens	Metazoa	435	False
Q6P2E9	Homo sapiens	Metazoa	1401	False
Q9XI73	Arabidopsis thaliana	Viridiplantae	190	False
O22806	Arabidopsis thaliana	Viridiplantae	395	False
Q00873	Saccharomyces cerevisiae	Fungi	224	False
Q9Z266	Mus musculus	Metazoa	136	False
Q9P305	Saccharomyces cerevisiae	Fungi	131	False
A0A2I0BUK1	Plasmodium falciparum	Other	893	False
Q8VC49	Mus musculus	Metazoa	283	False
Q9SA14	Arabidopsis thaliana	Viridiplantae	404	False
Q7SAJ1	Neurospora crassa	Fungi	236	False
Q7RYW7	Neurospora crassa	Fungi	396	False
Q8ST83	Drosophila melanogaster	Metazoa	520	False
Q9BPX6	Homo sapiens	Metazoa	476	False
O88843	Mus musculus	Metazoa	199	False
Q62696	Rattus norvegicus	Metazoa	911	False
Q8BG21	Mus musculus	Metazoa	171	True
Q9D842	Mus musculus	Metazoa	499	False
Q9UI30	Homo sapiens	Metazoa	125	False
Q9JMI1	Rattus norvegicus	Metazoa	672	False
Q5SYB0	Homo sapiens	Metazoa	1578	False
P50402	Homo sapiens	Metazoa	254	False
Q810J8	Mus musculus	Metazoa	777	False
P34427	Caenorhabditis elegans	Metazoa	962	False
O94519	Schizosaccharomyces pombe	Fungi	311	False
Q3TQ03	Mus musculus	Metazoa	375	False
P25626	Saccharomyces cerevisiae	Fungi	169	False
P32761	Chlamydomonas moewusii	Viridiplantae	218	False
P10862	Saccharomyces cerevisiae	Fungi	487	False
Q94F00	Arabidopsis thaliana	Viridiplantae	371	False
Q9H583	Homo sapiens	Metazoa	2144	False
Q9UI40	Homo sapiens	Metazoa	661	True
Q9HCC0	Homo sapiens	Metazoa	563	False
P52960	Saccharomyces cerevisiae	Fungi	996	False
Q9ULU4	Homo sapiens	Metazoa	1186	False
P52868	Saccharomyces cerevisiae	Fungi	283	False
Q03081	Saccharomyces cerevisiae	Fungi	177	False
Q7XYY2	Arabidopsis thaliana	Viridiplantae	836	False
A0A0B5L781	Penicillium brevicompactum	Fungi	398	False
Q8BWY7	Mus musculus	Metazoa	342	True
Q08966	Saccharomyces cerevisiae	Fungi	492	False
P49888	Homo sapiens	Metazoa	294	False
Q9US52	Schizosaccharomyces pombe	Fungi	118	False
Q9NZ42	Homo sapiens	Metazoa	101	True
A1Z830	Drosophila melanogaster	Metazoa	485	False
P84090	Homo sapiens	Metazoa	104	False
Q9P7M3	Schizosaccharomyces pombe	Fungi	271	False
P0CU09	Schizosaccharomyces pombe	Fungi	235	False
Q8N9M5	Homo sapiens	Metazoa	508	False
O74374	Schizosaccharomyces pombe	Fungi	554	False
G5ED29	Caenorhabditis elegans	Metazoa	959	False
P53140	Saccharomyces cerevisiae	Fungi	646	False
Q04781	Saccharomyces cerevisiae	Fungi	1562	False
O14894	Homo sapiens	Metazoa	197	True
P39988	Saccharomyces cerevisiae	Fungi	312	False
Q6GPH4	Homo sapiens	Metazoa	301	False
P40316	Saccharomyces cerevisiae	Fungi	373	False
P82929	Bos taurus	Metazoa	218	False
Q8C3P7	Mus musculus	Metazoa	580	False
O75179	Homo sapiens	Metazoa	2603	False
Q9JLR5	Mus musculus	Metazoa	209	False
P53259	Saccharomyces cerevisiae	Fungi	346	False
Q9C9T3	Arabidopsis thaliana	Viridiplantae	67	False
Q9US07	Schizosaccharomyces pombe	Fungi	662	False
Q9UGI0	Homo sapiens	Metazoa	708	False
Q04049	Saccharomyces cerevisiae	Fungi	632	False
O13803	Schizosaccharomyces pombe	Fungi	601	False
Q0WUA3	Arabidopsis thaliana	Viridiplantae	382	False
Q02721	Saccharomyces cerevisiae	Fungi	264	False
A0JN39	Bos taurus	Metazoa	953	False
Q8BGC4	Mus musculus	Metazoa	377	False
P02836	Drosophila melanogaster	Metazoa	552	False
Q9FMZ0	Arabidopsis thaliana	Viridiplantae	337	False
O80386	Arabidopsis thaliana	Viridiplantae	1058	False
P42117	Neurospora crassa	Fungi	82	True
Q53GL0	Homo sapiens	Metazoa	409	False
Q0VD86	Homo sapiens	Metazoa	236	False
Q9JJ09	Rattus norvegicus	Metazoa	695	False
Q7SH52	Neurospora crassa	Fungi	1168	False
Q96AY2	Homo sapiens	Metazoa	570	False
P87074	Schizosaccharomyces pombe	Fungi	778	False
Q86WA8	Homo sapiens	Metazoa	852	False
Q9SN74	Arabidopsis thaliana	Viridiplantae	240	False
P40356	Saccharomyces cerevisiae	Fungi	397	False
Q08215	Saccharomyces cerevisiae	Fungi	383	False
Q01064	Homo sapiens	Metazoa	536	False
Q9UHH9	Homo sapiens	Metazoa	426	False
Q2TBE6	Mus musculus	Metazoa	479	False
Q8VZB2	Arabidopsis thaliana	Viridiplantae	221	True
Q56P03	Homo sapiens	Metazoa	285	False
Q96BT3	Homo sapiens	Metazoa	561	False
Q8C4V4	Mus musculus	Metazoa	428	False
Q6P2C8	Homo sapiens	Metazoa	311	False
Q12235	Saccharomyces cerevisiae	Fungi	531	True
Q9I7K0	Drosophila melanogaster	Metazoa	208	False
Q10308	Schizosaccharomyces pombe	Fungi	269	False
Q497V6	Mus musculus	Metazoa	772	False
Q5T4T1	Homo sapiens	Metazoa	132	True
Q9USY4	Schizosaccharomyces pombe	Fungi	527	False
Q08921	Saccharomyces cerevisiae	Fungi	799	False
Q9BSV6	Homo sapiens	Metazoa	310	False
Q86LG1	Drosophila melanogaster	Metazoa	606	True
P46938	Mus musculus	Metazoa	488	False
P54987	Mus musculus	Metazoa	488	False
Q9D5V6	Mus musculus	Metazoa	365	False
Q9C0U3	Schizosaccharomyces pombe	Fungi	109	False
Q9UK33	Homo sapiens	Metazoa	172	False
Q90578	Gallus gallus	Metazoa	464	False
Q39129	Arabidopsis thaliana	Viridiplantae	120	False
Q00341	Homo sapiens	Metazoa	1268	False
Q8SXD4	Drosophila melanogaster	Metazoa	1122	False
Q80T11	Mus musculus	Metazoa	461	False
Q6PD74	Homo sapiens	Metazoa	315	False
Q6ZSB9	Homo sapiens	Metazoa	765	False
Q791V5	Mus musculus	Metazoa	303	True
Q53TN4	Homo sapiens	Metazoa	286	True
Q9Y2M0	Homo sapiens	Metazoa	1017	False
O77408	Lymnaea stagnalis	Metazoa	638	True
B9FDE0	Oryza sativa subsp. japonica	Viridiplantae	494	False
Q8N684	Homo sapiens	Metazoa	471	False
Q16611	Homo sapiens	Metazoa	211	False
Q8R4N0	Mus musculus	Metazoa	338	False
Q5HZJ0	Mus musculus	Metazoa	1373	False
P32259	Saccharomyces cerevisiae	Fungi	974	False
Q10335	Schizosaccharomyces pombe	Fungi	397	False
Q9FFD2	Arabidopsis thaliana	Viridiplantae	348	False
Q9FN52	Arabidopsis thaliana	Viridiplantae	503	False
Q8GUL2	Arabidopsis thaliana	Viridiplantae	958	False
P79083	Schizosaccharomyces pombe	Fungi	328	False
Q9BTP7	Homo sapiens	Metazoa	215	False
P53246	Saccharomyces cerevisiae	Fungi	860	False
P32451	Saccharomyces cerevisiae	Fungi	375	False
Q10666	Caenorhabditis elegans	Metazoa	438	False
Q15751	Homo sapiens	Metazoa	4861	False
P82669	Bos taurus	Metazoa	173	False
Q12094	Saccharomyces cerevisiae	Fungi	313	False
Q7L5D6	Homo sapiens	Metazoa	327	False
Q9HAB3	Homo sapiens	Metazoa	445	True
Q96FI4	Homo sapiens	Metazoa	390	False
Q9VEC3	Drosophila melanogaster	Metazoa	648	False
Q15760	Homo sapiens	Metazoa	415	True
Q8L785	Arabidopsis thaliana	Viridiplantae	1067	False
O94603	Schizosaccharomyces pombe	Fungi	948	False
P33412	Saccharomyces cerevisiae	Fungi	323	False
Q94A03	Arabidopsis thaliana	Viridiplantae	391	False
Q96JN0	Homo sapiens	Metazoa	433	False
P51662	Oryctolagus cuniculus	Metazoa	346	False
Q8R139	Mus musculus	Metazoa	528	True
Q9BQ48	Homo sapiens	Metazoa	92	False
Q8WY91	Homo sapiens	Metazoa	577	False
Q9BVN2	Homo sapiens	Metazoa	902	False
Q01329	Saccharomyces cerevisiae	Fungi	785	False
Q68FY1	Rattus norvegicus	Metazoa	325	False
Q3U9N9	Mus musculus	Metazoa	512	True
Q8L960	Arabidopsis thaliana	Viridiplantae	410	False
Q18593	Caenorhabditis elegans	Metazoa	329	True
Q7Z2D5	Homo sapiens	Metazoa	763	True
P33895	Saccharomyces cerevisiae	Fungi	451	False
P54274	Homo sapiens	Metazoa	439	False
Q9SW31	Arabidopsis thaliana	Viridiplantae	157	False
Q9VFK6	Drosophila melanogaster	Metazoa	691	False
P28350	Neurospora crassa	Fungi	1093	False
Q9SL92	Arabidopsis thaliana	Viridiplantae	367	False
Q3MHJ5	Bos taurus	Metazoa	138	False
Q8R2Y0	Mus musculus	Metazoa	336	True
O95905	Homo sapiens	Metazoa	644	False
G5EEG7	Caenorhabditis elegans	Metazoa	510	False
Q4VBD9	Mus musculus	Metazoa	706	False
Q8IAX8	Plasmodium falciparum	Other	248	False
Q9VE04	Drosophila melanogaster	Metazoa	107	False
Q12033	Saccharomyces cerevisiae	Fungi	661	False
Q6K9U2	Oryza sativa subsp. japonica	Viridiplantae	279	False
P30155	Nicotiana tabacum	Viridiplantae	179	False
Q80Z30	Rattus norvegicus	Metazoa	750	False
Q9NY87	Homo sapiens	Metazoa	97	False
O49686	Arabidopsis thaliana	Viridiplantae	191	False
Q12382	Saccharomyces cerevisiae	Fungi	290	True
Q53AQ4	Rattus norvegicus	Metazoa	245	True
Q60676	Mus musculus	Metazoa	499	False
Q8LL04	Arabidopsis thaliana	Viridiplantae	1241	False
O14734	Homo sapiens	Metazoa	319	False
Q9H299	Homo sapiens	Metazoa	93	False
O23144	Arabidopsis thaliana	Viridiplantae	612	False
Q67UR2	Oryza sativa subsp. japonica	Viridiplantae	419	False
Q06409	Saccharomyces cerevisiae	Fungi	1932	False
Q8BZA9	Mus musculus	Metazoa	269	False
O94301	Schizosaccharomyces pombe	Fungi	339	False
P09114	Nicotiana tabacum	Viridiplantae	664	False
O74848	Schizosaccharomyces pombe	Fungi	311	False
Q02040	Homo sapiens	Metazoa	695	False
O00291	Homo sapiens	Metazoa	1037	False
Q9NPG8	Homo sapiens	Metazoa	344	True
Q9JMC2	Mus musculus	Metazoa	493	False
Q9LEX1	Arabidopsis thaliana	Viridiplantae	510	True
Q9V4Z9	Drosophila melanogaster	Metazoa	858	False
Q9D023	Mus musculus	Metazoa	127	True
F4J117	Arabidopsis thaliana	Viridiplantae	591	False
Q8NBV4	Homo sapiens	Metazoa	271	False
O75324	Homo sapiens	Metazoa	88	True
P21549	Homo sapiens	Metazoa	392	False
E9Q2Z1	Mus musculus	Metazoa	1453	False
P39995	Saccharomyces cerevisiae	Fungi	279	False
Q07307	Emericella nidulans	Fungi	574	True
Q9GZY4	Homo sapiens	Metazoa	146	True
P19173	Ipomoea batatas	Viridiplantae	64	True
P40121	Homo sapiens	Metazoa	348	False
P15325	Emericella nidulans	Fungi	533	True
Q5H9R7	Homo sapiens	Metazoa	873	False
Q9P7L2	Schizosaccharomyces pombe	Fungi	425	False
F4KHG6	Arabidopsis thaliana	Viridiplantae	489	False
Q9Y6Q9	Homo sapiens	Metazoa	1424	False
Q9ZV24	Arabidopsis thaliana	Viridiplantae	148	True
Q9P013	Homo sapiens	Metazoa	229	False
Q08887	Saccharomyces cerevisiae	Fungi	554	False
P40008	Saccharomyces cerevisiae	Fungi	231	False
P78946	Schizosaccharomyces pombe	Fungi	126	False
Q03330	Saccharomyces cerevisiae	Fungi	439	False
P54789	Schizosaccharomyces pombe	Fungi	707	False
Q9Y2U8	Homo sapiens	Metazoa	911	False
P0C6S7	Rattus norvegicus	Metazoa	1260	False
Q9Y4R8	Homo sapiens	Metazoa	837	False
Q9M2Z2	Arabidopsis thaliana	Viridiplantae	317	False
Q9STF2	Arabidopsis thaliana	Viridiplantae	510	False
O14492	Homo sapiens	Metazoa	632	False
P01375	Homo sapiens	Metazoa	233	True
Q9Y3I1	Homo sapiens	Metazoa	522	False
P03877	Saccharomyces cerevisiae	Fungi	415	True
Q08977	Saccharomyces cerevisiae	Fungi	551	False
Q9Y0E4	Drosophila melanogaster	Metazoa	2262	False
Q9ESJ7	Mus musculus	Metazoa	259	False
P23508	Homo sapiens	Metazoa	829	False
Q9LU93	Arabidopsis thaliana	Viridiplantae	209	False
Q94AI4	Arabidopsis thaliana	Viridiplantae	775	False
Q9STX3	Arabidopsis thaliana	Viridiplantae	151	False
O60293	Homo sapiens	Metazoa	1989	False
P53203	Saccharomyces cerevisiae	Fungi	462	False
Q8N8Q8	Homo sapiens	Metazoa	333	False
Q9Y7M6	Schizosaccharomyces pombe	Fungi	217	False
O35465	Mus musculus	Metazoa	402	False
O17679	Caenorhabditis elegans	Metazoa	708	False
Q7XK25	Oryza sativa subsp. japonica	Viridiplantae	475	False
P08970	Drosophila melanogaster	Metazoa	941	False
P53125	Saccharomyces cerevisiae	Fungi	1264	False
Q00597	Homo sapiens	Metazoa	558	False
A0A2Z5GDY5	Lotus japonicus	Viridiplantae	658	False
P40493	Saccharomyces cerevisiae	Fungi	336	False
P38074	Saccharomyces cerevisiae	Fungi	348	False
Q8R4L0	Mus musculus	Metazoa	259	False
A0A2R6X6S3	Marchantia polymorpha	Viridiplantae	911	False
P22265	Drosophila melanogaster	Metazoa	954	False
Q9SYJ8	Arabidopsis thaliana	Viridiplantae	372	False
Q9NRA8	Homo sapiens	Metazoa	985	False
Q6YSY5	Oryza sativa subsp. japonica	Viridiplantae	357	False
Q6PCT2	Homo sapiens	Metazoa	694	False
P53193	Saccharomyces cerevisiae	Fungi	184	False
Q38890	Arabidopsis thaliana	Viridiplantae	621	True
Q15398	Homo sapiens	Metazoa	846	False
Q94AI6	Arabidopsis thaliana	Viridiplantae	752	False
Q9H582	Homo sapiens	Metazoa	1327	False
Q84LK0	Arabidopsis thaliana	Viridiplantae	1118	False
Q9NYV7	Homo sapiens	Metazoa	291	True
Q9ESV1	Rattus norvegicus	Metazoa	1051	False
Q8NBA8	Homo sapiens	Metazoa	298	False
P30038	Homo sapiens	Metazoa	563	False
Q9H2D6	Homo sapiens	Metazoa	2365	False
Q6CLY8	Kluyveromyces lactis	Fungi	368	False
O48721	Arabidopsis thaliana	Viridiplantae	321	False
O13936	Schizosaccharomyces pombe	Fungi	990	False
Q96TC7	Homo sapiens	Metazoa	470	True
P41812	Saccharomyces cerevisiae	Fungi	875	False
Q99ML9	Mus musculus	Metazoa	989	False
Q9SB47	Arabidopsis thaliana	Viridiplantae	319	False
P48995	Homo sapiens	Metazoa	793	False
O02274	Caenorhabditis elegans	Metazoa	539	False
O95704	Homo sapiens	Metazoa	486	False
Q15697	Homo sapiens	Metazoa	407	False
P63242	Mus musculus	Metazoa	154	False
Q94JU3	Arabidopsis thaliana	Viridiplantae	260	False
Q9Y6A4	Homo sapiens	Metazoa	193	False
Q91VX9	Mus musculus	Metazoa	697	True
O75817	Homo sapiens	Metazoa	140	False
Q9DEE9	Gallus gallus	Metazoa	396	False
Q8WZ42	Homo sapiens	Metazoa	34350	False
Q94BT9	Arabidopsis thaliana	Viridiplantae	76	False
Q09750	Schizosaccharomyces pombe	Fungi	1522	False
Q8VY74	Arabidopsis thaliana	Viridiplantae	333	False
Q6XR72	Homo sapiens	Metazoa	485	True
Q00381	Saccharomyces cerevisiae	Fungi	147	False
P25644	Saccharomyces cerevisiae	Fungi	796	False
Q4WF55	Aspergillus fumigatus	Fungi	462	False
A1A6M1	Arabidopsis thaliana	Viridiplantae	387	False
P52901	Arabidopsis thaliana	Viridiplantae	389	False
Q06032	Saccharomyces cerevisiae	Fungi	482	False
Q9FNY2	Arabidopsis thaliana	Viridiplantae	385	False
Q9UM07	Homo sapiens	Metazoa	663	False
Q9LDC0	Arabidopsis thaliana	Viridiplantae	365	False
O43663	Homo sapiens	Metazoa	620	False
Q03220	Saccharomyces cerevisiae	Fungi	320	False
P50479	Homo sapiens	Metazoa	330	False
P40057	Saccharomyces cerevisiae	Fungi	128	False
Q9UID6	Homo sapiens	Metazoa	485	False
Q9Y5B8	Homo sapiens	Metazoa	376	False
Q6RFZ7	Rattus norvegicus	Metazoa	1039	False
Q9Y314	Homo sapiens	Metazoa	301	False
P20676	Saccharomyces cerevisiae	Fungi	1076	False
P23709	Bos taurus	Metazoa	266	False
P43596	Saccharomyces cerevisiae	Fungi	787	False
O14285	Schizosaccharomyces pombe	Fungi	164	False
Q96GR2	Homo sapiens	Metazoa	724	False
Q59NP1	Candida albicans	Fungi	251	True
A2AKK5	Mus musculus	Metazoa	416	False
Q9NXV6	Homo sapiens	Metazoa	580	False
Q9ET80	Mus musculus	Metazoa	660	False
Q7JXF5	Drosophila melanogaster	Metazoa	394	False
P34234	Saccharomyces cerevisiae	Fungi	306	False
Q9LFQ9	Arabidopsis thaliana	Viridiplantae	359	False
O14862	Homo sapiens	Metazoa	343	False
Q96QE5	Homo sapiens	Metazoa	360	False
Q8IHY1	Plasmodium falciparum	Other	4226	False
Q8ITW8	Caenorhabditis elegans	Metazoa	504	False
Q12359	Saccharomyces cerevisiae	Fungi	275	True
Q9WTJ4	Mus musculus	Metazoa	500	False
Q8IWL8	Homo sapiens	Metazoa	128	False
Q6GYP7	Mus musculus	Metazoa	2035	False
O08608	Mus musculus	Metazoa	189	False
Q3UZP0	Mus musculus	Metazoa	555	False
Q08422	Saccharomyces cerevisiae	Fungi	150	False
O22152	Arabidopsis thaliana	Viridiplantae	229	False
Q673G8	Danio rerio	Metazoa	837	False
P0DKJ7	Arabidopsis thaliana	Viridiplantae	813	False
P37299	Saccharomyces cerevisiae	Fungi	77	True
Q9TZ70	Caenorhabditis elegans	Metazoa	205	False
Q9S7W5	Arabidopsis thaliana	Viridiplantae	355	False
P28074	Homo sapiens	Metazoa	263	False
Q55FB8	Dictyostelium discoideum	Other	1272	False
Q197W8	Arabidopsis thaliana	Viridiplantae	473	False
Q12144	Saccharomyces cerevisiae	Fungi	273	True
Q8VYR5	Arabidopsis thaliana	Viridiplantae	444	False
P0DPK0	Xenopus laevis	Metazoa	237	False
O44827	Caenorhabditis elegans	Metazoa	510	True
Q86SP6	Homo sapiens	Metazoa	731	True
Q9NZD8	Homo sapiens	Metazoa	308	False
Q9FEN9	Arabidopsis thaliana	Viridiplantae	228	False
Q62209	Mus musculus	Metazoa	993	False
Q07950	Saccharomyces cerevisiae	Fungi	538	True
Q9P3W1	Schizosaccharomyces pombe	Fungi	434	False
P97414	Mus musculus	Metazoa	668	False
Q86TV6	Homo sapiens	Metazoa	843	False
Q9UGY1	Homo sapiens	Metazoa	213	False
P38228	Saccharomyces cerevisiae	Fungi	572	False
Q86UK7	Homo sapiens	Metazoa	904	False
P29461	Saccharomyces cerevisiae	Fungi	750	False
O49292	Arabidopsis thaliana	Viridiplantae	260	False
Q96DZ5	Homo sapiens	Metazoa	547	False
Q9Z1N1	Rattus norvegicus	Metazoa	339	False
Q5XF06	Arabidopsis thaliana	Viridiplantae	469	False
P35201	Saccharomyces cerevisiae	Fungi	549	False
Q9ES56	Mus musculus	Metazoa	219	False
Q9FFJ8	Arabidopsis thaliana	Viridiplantae	449	False
Q949M9	Arabidopsis thaliana	Viridiplantae	353	False
Q9CQ29	Mus musculus	Metazoa	239	False
O15304	Homo sapiens	Metazoa	175	False
O74434	Schizosaccharomyces pombe	Fungi	626	False
P10127	Saccharomyces cerevisiae	Fungi	382	False
P34072	Saccharomyces cerevisiae	Fungi	584	False
Q96CU9	Homo sapiens	Metazoa	486	True
Q8WXG6	Homo sapiens	Metazoa	1647	False
P53264	Saccharomyces cerevisiae	Fungi	445	False
P40380	Schizosaccharomyces pombe	Fungi	230	False
Q9UKA1	Homo sapiens	Metazoa	691	False
Q96PZ0	Homo sapiens	Metazoa	661	False
P54258	Rattus norvegicus	Metazoa	1183	False
Q3E798	Saccharomyces cerevisiae	Fungi	87	True
P48240	Saccharomyces cerevisiae	Fungi	250	False
P34224	Saccharomyces cerevisiae	Fungi	193	False
Q969Y2	Homo sapiens	Metazoa	492	False
P51948	Homo sapiens	Metazoa	309	False
Q68G58	Mus musculus	Metazoa	516	False
Q8H1D3	Arabidopsis thaliana	Viridiplantae	571	False
Q8NCN4	Homo sapiens	Metazoa	708	False
Q56P42	Homo sapiens	Metazoa	97	False
P53850	Saccharomyces cerevisiae	Fungi	401	False
O15374	Homo sapiens	Metazoa	487	True
Q9Z309	Mus musculus	Metazoa	187	False
Q9SJQ6	Arabidopsis thaliana	Viridiplantae	1393	False
Q8K4Z2	Mus musculus	Metazoa	240	False
P19736	Saccharomyces cerevisiae	Fungi	530	False
P02240	Lupinus luteus	Viridiplantae	154	False
G3UYX5	Mus musculus	Metazoa	1258	False
Q7L3V2	Homo sapiens	Metazoa	364	False
Q8TC90	Homo sapiens	Metazoa	406	False
Q14209	Homo sapiens	Metazoa	437	False
Q15849	Homo sapiens	Metazoa	920	False
Q53GL7	Homo sapiens	Metazoa	1025	False
Q7S4Y4	Neurospora crassa	Fungi	90	False
Q9Y5Y3	Homo sapiens	Metazoa	372	True
Q93YQ3	Arabidopsis thaliana	Viridiplantae	323	False
O94653	Schizosaccharomyces pombe	Fungi	1121	False
P54790	Saccharomyces cerevisiae	Fungi	616	False
Q96TA1	Homo sapiens	Metazoa	746	False
O74560	Schizosaccharomyces pombe	Fungi	636	False
Q9HB75	Homo sapiens	Metazoa	910	False
P38111	Saccharomyces cerevisiae	Fungi	2368	False
Q08874	Mus musculus	Metazoa	526	False
P47175	Saccharomyces cerevisiae	Fungi	358	False
P53885	Saccharomyces cerevisiae	Fungi	366	False
P38827	Saccharomyces cerevisiae	Fungi	1080	False
P38323	Saccharomyces cerevisiae	Fungi	520	False
Q9FL44	Arabidopsis thaliana	Viridiplantae	235	False
Q5F2E7	Mus musculus	Metazoa	692	False
Q9H2K2	Homo sapiens	Metazoa	1166	False
Q8TAC2	Homo sapiens	Metazoa	188	False
P24813	Saccharomyces cerevisiae	Fungi	409	False
A1L188	Homo sapiens	Metazoa	74	False
Q9UK99	Homo sapiens	Metazoa	471	False
Q99PP2	Mus musculus	Metazoa	2237	False
Q7Y220	Arabidopsis thaliana	Viridiplantae	649	False
P21228	Emericella nidulans	Fungi	821	False
Q5JS13	Homo sapiens	Metazoa	557	False
Q20745	Caenorhabditis elegans	Metazoa	1111	False
Q8WVQ1	Homo sapiens	Metazoa	401	True
Q8IXQ6	Homo sapiens	Metazoa	854	False
P10355	Saccharomyces cerevisiae	Fungi	254	False
P29084	Homo sapiens	Metazoa	291	False
Q9XIA7	Arabidopsis thaliana	Viridiplantae	54	True
P49903	Homo sapiens	Metazoa	392	False
Q96P65	Homo sapiens	Metazoa	431	True
P10664	Saccharomyces cerevisiae	Fungi	362	False
P35558	Homo sapiens	Metazoa	622	False
Q9LY23	Arabidopsis thaliana	Viridiplantae	286	False
Q9HA38	Homo sapiens	Metazoa	289	False
Q04751	Saccharomyces cerevisiae	Fungi	285	False
P33417	Saccharomyces cerevisiae	Fungi	597	False
P40474	Saccharomyces cerevisiae	Fungi	542	True
Q7KHG2	Drosophila melanogaster	Metazoa	1486	False
Q9T0A4	Arabidopsis thaliana	Viridiplantae	250	False
Q9DBG9	Mus musculus	Metazoa	124	False
Q9FXI5	Arabidopsis thaliana	Viridiplantae	794	False
Q969P5	Homo sapiens	Metazoa	355	False
Q584U2	Trypanosoma brucei brucei	Other	267	False
F4JS25	Arabidopsis thaliana	Viridiplantae	1052	False
Q23405	Caenorhabditis elegans	Metazoa	842	False
Q6UFS5	Danio rerio	Metazoa	563	False
O42666	Schizosaccharomyces pombe	Fungi	243	False
Q91VD9	Mus musculus	Metazoa	727	False
Q8R400	Mus musculus	Metazoa	80	True
Q15057	Homo sapiens	Metazoa	778	False
Q9LVH4	Arabidopsis thaliana	Viridiplantae	177	False
Q9LS24	Arabidopsis thaliana	Viridiplantae	292	False
Q920Q8	Mus musculus	Metazoa	642	False
P42935	Saccharomyces cerevisiae	Fungi	788	False
P60896	Homo sapiens	Metazoa	70	False
Q96DI7	Homo sapiens	Metazoa	357	False
Q6ZIK5	Oryza sativa subsp. japonica	Viridiplantae	394	False
Q9H9P5	Homo sapiens	Metazoa	680	False
O96626	Dictyostelium discoideum	Other	138	False
Q5LJZ2	Drosophila melanogaster	Metazoa	1641	False
A0A140LI88	Mus musculus	Metazoa	1857	False
Q6VMQ6	Homo sapiens	Metazoa	1270	False
Q8NFF5	Homo sapiens	Metazoa	587	False
P48595	Homo sapiens	Metazoa	397	False
Q96RQ1	Homo sapiens	Metazoa	377	True
Q9H8W5	Homo sapiens	Metazoa	580	False
Q9P2P6	Homo sapiens	Metazoa	4700	False
Q69XJ0	Oryza sativa subsp. japonica	Viridiplantae	295	False
Q7ZW57	Xenopus laevis	Metazoa	334	False
Q96E14	Homo sapiens	Metazoa	147	False
B6HQN4	Penicillium rubens	Fungi	268	False
Q6IQ20	Homo sapiens	Metazoa	393	False
P12954	Saccharomyces cerevisiae	Fungi	1174	False
O88735	Mus musculus	Metazoa	730	False
Q8NC24	Homo sapiens	Metazoa	303	True
Q8NG66	Homo sapiens	Metazoa	645	False
Q95U54	Drosophila melanogaster	Metazoa	959	False
Q92878	Homo sapiens	Metazoa	1312	False
P40002	Saccharomyces cerevisiae	Fungi	666	False
C7AJA4	Trypanosoma brucei brucei	Other	406	False
P38889	Saccharomyces cerevisiae	Fungi	622	False
Q9ESJ1	Mus musculus	Metazoa	568	False
O74826	Schizosaccharomyces pombe	Fungi	216	False
Q9NVU7	Homo sapiens	Metazoa	687	False
P24278	Homo sapiens	Metazoa	435	False
Q8IUH5	Homo sapiens	Metazoa	632	False
Q8ND76	Homo sapiens	Metazoa	341	False
Q03455	Saccharomyces cerevisiae	Fungi	724	True
P97287	Mus musculus	Metazoa	331	False
Q8N8Q3	Homo sapiens	Metazoa	282	False
Q9BRJ2	Homo sapiens	Metazoa	306	False
P20000	Bos taurus	Metazoa	520	False
Q8RWG2	Arabidopsis thaliana	Viridiplantae	652	False
P38872	Saccharomyces cerevisiae	Fungi	237	False
O43716	Homo sapiens	Metazoa	136	False
Q16206	Homo sapiens	Metazoa	610	False
Q9C5W3	Arabidopsis thaliana	Viridiplantae	985	False
Q8IUY3	Homo sapiens	Metazoa	354	False
Q9CAF2	Arabidopsis thaliana	Viridiplantae	216	False
Q80ZG2	Rattus norvegicus	Metazoa	678	False
O62203	Caenorhabditis elegans	Metazoa	1073	False
Q86Y26	Homo sapiens	Metazoa	1132	False
P40155	Saccharomyces cerevisiae	Fungi	199	False
P21135	Schizosaccharomyces pombe	Fungi	301	False
Q3MK94	Arabidopsis thaliana	Viridiplantae	428	False
Q6Z2G7	Oryza sativa subsp. japonica	Viridiplantae	361	False
C4R3D4	Komagataella phaffii	Fungi	461	True
Q96BY6	Homo sapiens	Metazoa	2186	False
P40508	Saccharomyces cerevisiae	Fungi	320	True
P80269	Solanum tuberosum	Viridiplantae	229	False
Q9FQ09	Arabidopsis thaliana	Viridiplantae	680	False
Q03372	Drosophila melanogaster	Metazoa	515	False
Q6PL11	Oryza sativa subsp. japonica	Viridiplantae	173	False
P0DJH6	Gallus gallus	Metazoa	76	False
Q8WV28	Homo sapiens	Metazoa	456	False
P39943	Saccharomyces cerevisiae	Fungi	394	False
Q99N89	Mus musculus	Metazoa	183	False
O14523	Homo sapiens	Metazoa	706	True
H9JBU5	Bombyx mori	Metazoa	157	True
Q9SIE1	Arabidopsis thaliana	Viridiplantae	475	False
Q86B87	Drosophila melanogaster	Metazoa	610	False
Q6PG16	Mus musculus	Metazoa	667	False
Q9D818	Mus musculus	Metazoa	391	False
Q96EA4	Homo sapiens	Metazoa	605	False
Q9ASP6	Arabidopsis thaliana	Viridiplantae	495	False
O14310	Schizosaccharomyces pombe	Fungi	933	False
P38818	Saccharomyces cerevisiae	Fungi	585	False
Q10341	Schizosaccharomyces pombe	Fungi	504	False
Q02410	Homo sapiens	Metazoa	837	False
Q9FYB5	Arabidopsis thaliana	Viridiplantae	161	False
Q9LXX5	Arabidopsis thaliana	Viridiplantae	262	False
Q93YU5	Arabidopsis thaliana	Viridiplantae	1053	False
P50535	Drosophila melanogaster	Metazoa	1039	False
Q9Y253	Homo sapiens	Metazoa	713	False
Q08047	Zea mays	Viridiplantae	799	False
Q9Y7Q6	Schizosaccharomyces pombe	Fungi	147	False
P99028	Mus musculus	Metazoa	89	False
P53540	Saccharomyces cerevisiae	Fungi	846	False
P0C1Z6	Homo sapiens	Metazoa	253	False
P50091	Saccharomyces cerevisiae	Fungi	288	False
Q9SL94	Arabidopsis thaliana	Viridiplantae	324	False
P32800	Saccharomyces cerevisiae	Fungi	271	True
Q8NCG7	Homo sapiens	Metazoa	672	True
O14196	Schizosaccharomyces pombe	Fungi	300	False
P22315	Mus musculus	Metazoa	422	False
Q9VCX1	Drosophila melanogaster	Metazoa	1541	False
O74400	Schizosaccharomyces pombe	Fungi	674	False
Q0WVH0	Arabidopsis thaliana	Viridiplantae	594	False
Q99K90	Mus musculus	Metazoa	693	False
P41920	Saccharomyces cerevisiae	Fungi	201	False
O88466	Mus musculus	Metazoa	1888	False
O60127	Schizosaccharomyces pombe	Fungi	126	False
Q8CDY7	Mus musculus	Metazoa	219	False
Q9LJ97	Arabidopsis thaliana	Viridiplantae	262	False
Q02046	Saccharomyces cerevisiae	Fungi	320	False
Q3UP24	Mus musculus	Metazoa	1024	False
Q8CEG0	Mus musculus	Metazoa	392	True
Q9CQJ4	Mus musculus	Metazoa	336	False
P42846	Saccharomyces cerevisiae	Fungi	591	False
Q9Z1T5	Mus musculus	Metazoa	566	False
O13919	Schizosaccharomyces pombe	Fungi	1075	False
O13898	Schizosaccharomyces pombe	Fungi	893	True
O22788	Arabidopsis thaliana	Viridiplantae	236	False
Q961D9	Drosophila melanogaster	Metazoa	1469	False
Q19555	Caenorhabditis elegans	Metazoa	1096	False
P83103	Drosophila melanogaster	Metazoa	566	False
Q9Y4L5	Homo sapiens	Metazoa	304	False
O43805	Homo sapiens	Metazoa	119	False
Q6UN15	Homo sapiens	Metazoa	594	False
Q9NPD3	Homo sapiens	Metazoa	245	False
A2AIV2	Mus musculus	Metazoa	1811	False
Q969X0	Homo sapiens	Metazoa	211	False
Q9UQ84	Homo sapiens	Metazoa	846	False
P51556	Rattus norvegicus	Metazoa	727	False
O43592	Homo sapiens	Metazoa	962	False
Q9VKB9	Drosophila melanogaster	Metazoa	1341	False
Q13950	Homo sapiens	Metazoa	521	False
Q9LKA0	Arabidopsis thaliana	Viridiplantae	259	False
Q9USQ4	Schizosaccharomyces pombe	Fungi	396	False
P61218	Homo sapiens	Metazoa	127	False
Q96SD1	Homo sapiens	Metazoa	692	False
P40072	Saccharomyces cerevisiae	Fungi	274	False
Q10423	Schizosaccharomyces pombe	Fungi	258	False
Q9U226	Caenorhabditis elegans	Metazoa	342	False
P18289	Drosophila melanogaster	Metazoa	289	False
Q8TEQ6	Homo sapiens	Metazoa	1508	False
P31385	Saccharomyces cerevisiae	Fungi	405	False
O43586	Homo sapiens	Metazoa	416	False
O00488	Homo sapiens	Metazoa	134	False
O13795	Schizosaccharomyces pombe	Fungi	402	False
P43565	Saccharomyces cerevisiae	Fungi	1770	False
Q6Q4D0	Arabidopsis thaliana	Viridiplantae	1311	False
Q9SN22	Arabidopsis thaliana	Viridiplantae	410	False
Q9GZR1	Homo sapiens	Metazoa	1112	False
Q9H1I8	Homo sapiens	Metazoa	757	False
C0HLN0	Rattus norvegicus	Metazoa	54	True
Q9BUE6	Homo sapiens	Metazoa	129	False
O45495	Caenorhabditis elegans	Metazoa	139	False
O74386	Schizosaccharomyces pombe	Fungi	248	False
P52503	Mus musculus	Metazoa	116	False
Q9CRB9	Mus musculus	Metazoa	227	False
Q20591	Caenorhabditis elegans	Metazoa	86	True
Q8RXH2	Arabidopsis thaliana	Viridiplantae	716	False
P21620	Leishmania donovani	Other	514	False
Q96T21	Homo sapiens	Metazoa	854	False
Q9QXY4	Rattus norvegicus	Metazoa	580	False
Q6MG82	Rattus norvegicus	Metazoa	306	False
Q9H0F6	Homo sapiens	Metazoa	387	False
G5EFY7	Caenorhabditis elegans	Metazoa	295	False
Q9VMD0	Drosophila melanogaster	Metazoa	1659	False
P40087	Saccharomyces cerevisiae	Fungi	428	False
Q4PSK3	Arabidopsis thaliana	Viridiplantae	124	False
Q9D030	Mus musculus	Metazoa	160	False
Q08182	Saccharomyces cerevisiae	Fungi	245	False
A2AUU0	Mus musculus	Metazoa	281	False
Q00013	Homo sapiens	Metazoa	466	False
Q3SYG4	Homo sapiens	Metazoa	887	False
Q99583	Homo sapiens	Metazoa	582	False
Q7K556	Drosophila melanogaster	Metazoa	475	False
Q32SG5	Zea mays	Viridiplantae	616	False
P33447	Trypanosoma cruzi	Other	416	False
Q84Y18	Arabidopsis thaliana	Viridiplantae	332	False
Q9AT00	Arabidopsis thaliana	Viridiplantae	345	False
G5EEC5	Caenorhabditis elegans	Metazoa	414	False
Q96DB2	Homo sapiens	Metazoa	347	False
Q9VH07	Drosophila melanogaster	Metazoa	456	False
Q5VWG9	Homo sapiens	Metazoa	929	False
P19518	Oryctolagus cuniculus	Metazoa	222	True
Q8NBZ0	Homo sapiens	Metazoa	244	False
P08703	Penicillium chrysogenum	Fungi	331	False
Q96P48	Homo sapiens	Metazoa	1450	False
A0A2R8VHF7	Mus musculus	Metazoa	171	True
Q10198	Schizosaccharomyces pombe	Fungi	624	False
Q9ZS51	Arabidopsis thaliana	Viridiplantae	190	True
Q14249	Homo sapiens	Metazoa	297	False
Q9HAP6	Homo sapiens	Metazoa	207	False
B6HLT9	Penicillium rubens	Fungi	357	False
Q5SWZ9	Mus musculus	Metazoa	221	True
P53874	Saccharomyces cerevisiae	Fungi	792	False
Q9LS08	Arabidopsis thaliana	Viridiplantae	344	False
P23276	Homo sapiens	Metazoa	732	True
Q12139	Saccharomyces cerevisiae	Fungi	1133	False
A0A7G5KLV3	Cananga odorata	Viridiplantae	586	False
Q8NAV1	Homo sapiens	Metazoa	312	False
Q9CQX8	Mus musculus	Metazoa	102	False
Q9H869	Homo sapiens	Metazoa	796	False
P07270	Saccharomyces cerevisiae	Fungi	312	False
O74910	Schizosaccharomyces pombe	Fungi	638	False
Q06405	Saccharomyces cerevisiae	Fungi	101	False
O88801	Rattus norvegicus	Metazoa	354	False
Q08235	Saccharomyces cerevisiae	Fungi	291	False
Q86WR6	Homo sapiens	Metazoa	236	False
Q5VTR2	Homo sapiens	Metazoa	975	False
Q9C950	Arabidopsis thaliana	Viridiplantae	643	False
P42736	Arabidopsis thaliana	Viridiplantae	248	False
Q8BKY8	Mus musculus	Metazoa	385	False
Q8SWX0	Drosophila melanogaster	Metazoa	167	False
P40481	Saccharomyces cerevisiae	Fungi	377	False
Q9M7I7	Arabidopsis thaliana	Viridiplantae	318	False
P15291	Homo sapiens	Metazoa	398	True
Q24025	Drosophila melanogaster	Metazoa	1038	True
Q8S9G8	Arabidopsis thaliana	Viridiplantae	801	False
O14253	Schizosaccharomyces pombe	Fungi	780	False
Q9H7D7	Homo sapiens	Metazoa	661	False
P40166	Saccharomyces cerevisiae	Fungi	100	False
Q7Z3D4	Homo sapiens	Metazoa	306	False
O49621	Arabidopsis thaliana	Viridiplantae	526	True
P25696	Arabidopsis thaliana	Viridiplantae	444	False
Q9H6E5	Homo sapiens	Metazoa	874	False
P24118	Tetrahymena thermophila	Other	462	False
O43808	Homo sapiens	Metazoa	307	True
Q96HW7	Homo sapiens	Metazoa	963	False
Q7Z2T5	Homo sapiens	Metazoa	733	False
P81450	Saccharomyces cerevisiae	Fungi	59	True
Q9LVV5	Arabidopsis thaliana	Viridiplantae	223	False
P33441	Saccharomyces cerevisiae	Fungi	392	False
Q61624	Mus musculus	Metazoa	794	False
G5EGA9	Caenorhabditis elegans	Metazoa	345	False
P18492	Hordeum vulgare	Viridiplantae	469	False
Q08683	Saccharomyces cerevisiae	Fungi	685	False
Q14146	Homo sapiens	Metazoa	1524	False
Q9BRV3	Homo sapiens	Metazoa	221	True
Q12062	Aspergillus parasiticus	Fungi	643	False
Q9SRX9	Arabidopsis thaliana	Viridiplantae	335	False
Q9VBB3	Drosophila melanogaster	Metazoa	328	False
F4K6X0	Arabidopsis thaliana	Viridiplantae	121	False
O75689	Homo sapiens	Metazoa	374	False
Q08116	Homo sapiens	Metazoa	209	False
Q9Y3F4	Homo sapiens	Metazoa	350	False
Q38845	Arabidopsis thaliana	Viridiplantae	588	False
Q9FJI5	Arabidopsis thaliana	Viridiplantae	515	False
Q9C552	Arabidopsis thaliana	Viridiplantae	753	False
Q6ZJM9	Oryza sativa subsp. japonica	Viridiplantae	563	False
Q06102	Saccharomyces cerevisiae	Fungi	208	False
Q9EQN3	Mus musculus	Metazoa	387	False
Q9Z206	Mus musculus	Metazoa	595	False
Q9LY74	Arabidopsis thaliana	Viridiplantae	338	False
Q923B3	Mus musculus	Metazoa	828	False
Q02223	Homo sapiens	Metazoa	184	True
Q3ZN08	Mus musculus	Metazoa	260	False
O80931	Arabidopsis thaliana	Viridiplantae	367	False
Q9V3Z1	Drosophila melanogaster	Metazoa	484	False
Q94AU9	Arabidopsis thaliana	Viridiplantae	174	False
Q6R327	Homo sapiens	Metazoa	1708	False
O74553	Schizosaccharomyces pombe	Fungi	326	False
Q9VFW4	Drosophila melanogaster	Metazoa	251	False
Q9BW66	Homo sapiens	Metazoa	212	False
Q24573	Drosophila melanogaster	Metazoa	911	False
Q93WE4	Arabidopsis thaliana	Viridiplantae	216	False
P49756	Homo sapiens	Metazoa	843	False
P18494	Saccharomyces cerevisiae	Fungi	730	False
Q42418	Arabidopsis thaliana	Viridiplantae	131	False
Q3UUF8	Mus musculus	Metazoa	508	False
Q8IBN8	Plasmodium falciparum	Other	899	False
P09547	Saccharomyces cerevisiae	Fungi	1314	False
Q6ZV65	Homo sapiens	Metazoa	393	False
Q8RXD3	Arabidopsis thaliana	Viridiplantae	310	False
P32767	Saccharomyces cerevisiae	Fungi	1081	False
Q9BWL3	Homo sapiens	Metazoa	253	True
Q12315	Saccharomyces cerevisiae	Fungi	538	False
Q9SJZ6	Arabidopsis thaliana	Viridiplantae	219	False
Q9SAH8	Arabidopsis thaliana	Viridiplantae	532	True
P24482	Saccharomyces cerevisiae	Fungi	689	False
Q55GF9	Dictyostelium discoideum	Other	1320	False
Q14739	Homo sapiens	Metazoa	615	False
F4JHA2	Arabidopsis thaliana	Viridiplantae	884	False
P32862	Saccharomyces cerevisiae	Fungi	1170	False
Q9NTM9	Homo sapiens	Metazoa	273	False
Q12252	Saccharomyces cerevisiae	Fungi	991	True
Q05979	Saccharomyces cerevisiae	Fungi	453	False
Q9CAQ2	Arabidopsis thaliana	Viridiplantae	114	False
P29344	Spinacia oleracea	Viridiplantae	411	False
P38803	Saccharomyces cerevisiae	Fungi	334	False
Q9S720	Arabidopsis thaliana	Viridiplantae	247	False
Q06598	Saccharomyces cerevisiae	Fungi	404	True
Q9H8H0	Homo sapiens	Metazoa	719	False
P36152	Saccharomyces cerevisiae	Fungi	348	False
B7Z0L8	Drosophila melanogaster	Metazoa	178	False
P47138	Saccharomyces cerevisiae	Fungi	172	False
P78917	Schizosaccharomyces pombe	Fungi	550	False
Q7TMR7	Rattus norvegicus	Metazoa	522	True
P38237	Saccharomyces cerevisiae	Fungi	781	False
Q9UPI3	Homo sapiens	Metazoa	526	True
Q9Y4W2	Homo sapiens	Metazoa	734	False
Q93ZF6	Arabidopsis thaliana	Viridiplantae	153	False
P17789	Drosophila melanogaster	Metazoa	643	False
Q16533	Homo sapiens	Metazoa	368	False
A1L167	Homo sapiens	Metazoa	161	False
P21375	Saccharomyces cerevisiae	Fungi	501	False
Q9C8L2	Arabidopsis thaliana	Viridiplantae	287	False
Q9LK34	Arabidopsis thaliana	Viridiplantae	483	False
Q6DYE8	Mus musculus	Metazoa	874	True
Q92621	Homo sapiens	Metazoa	2012	False
P40548	Saccharomyces cerevisiae	Fungi	159	True
O15027	Homo sapiens	Metazoa	2357	False
Q96L50	Homo sapiens	Metazoa	414	False
P84817	Rattus norvegicus	Metazoa	152	False
Q501F9	Arabidopsis thaliana	Viridiplantae	370	False
P40305	Homo sapiens	Metazoa	122	True
Q9VL76	Drosophila melanogaster	Metazoa	613	False
Q94C32	Arabidopsis thaliana	Viridiplantae	320	False
O43013	Schizosaccharomyces pombe	Fungi	533	False
Q5EAF2	Arabidopsis thaliana	Viridiplantae	334	False
Q5NCQ5	Mus musculus	Metazoa	438	False
Q8TC26	Homo sapiens	Metazoa	289	True
Q1K6U7	Neurospora crassa	Fungi	225	False
Q93062	Homo sapiens	Metazoa	196	False
Q3V0Q6	Mus musculus	Metazoa	470	False
P29147	Rattus norvegicus	Metazoa	343	False
Q5TEU4	Homo sapiens	Metazoa	345	False
O74424	Schizosaccharomyces pombe	Fungi	1837	False
Q6UXN9	Homo sapiens	Metazoa	313	False
O08715	Mus musculus	Metazoa	857	False
O14291	Schizosaccharomyces pombe	Fungi	313	False
Q9D5U8	Mus musculus	Metazoa	673	False
A0A2H1A5W4	Candidozyma auris	Fungi	679	False
Q9LFC0	Arabidopsis thaliana	Viridiplantae	360	False
P57742	Arabidopsis thaliana	Viridiplantae	151	False
Q9R0N6	Mus musculus	Metazoa	395	True
Q96Q15	Homo sapiens	Metazoa	3661	False
Q9UNN5	Homo sapiens	Metazoa	650	False
Q9I7K6	Drosophila melanogaster	Metazoa	492	False
Q5XG73	Mus musculus	Metazoa	508	False
Q9UJS0	Homo sapiens	Metazoa	675	False
Q07532	Saccharomyces cerevisiae	Fungi	353	False
P38628	Saccharomyces cerevisiae	Fungi	557	False
Q38942	Arabidopsis thaliana	Viridiplantae	349	False
Q9FYS5	Zea mays	Viridiplantae	193	False
Q9FJF4	Arabidopsis thaliana	Viridiplantae	306	False
Q9P7P1	Schizosaccharomyces pombe	Fungi	147	False
P78753	Schizosaccharomyces pombe	Fungi	557	False
O43078	Schizosaccharomyces pombe	Fungi	660	False
P10803	Secale cereale	Viridiplantae	353	True
Q7T0L4	Gallus gallus	Metazoa	329	False
Q8NEY8	Homo sapiens	Metazoa	458	False
Q3E747	Saccharomyces cerevisiae	Fungi	85	False
Q12107	Saccharomyces cerevisiae	Fungi	265	False
P22572	Neurospora crassa	Fungi	453	False
Q01992	Rattus norvegicus	Metazoa	710	False
O14036	Schizosaccharomyces pombe	Fungi	115	False
O95071	Homo sapiens	Metazoa	2799	False
F4HYD7	Arabidopsis thaliana	Viridiplantae	467	False
Q24119	Drosophila melanogaster	Metazoa	1022	False
Q9UIS9	Homo sapiens	Metazoa	605	False
Q941D3	Arabidopsis thaliana	Viridiplantae	239	False
P47171	Saccharomyces cerevisiae	Fungi	1648	False
M4IRL4	Humulus lupulus	Viridiplantae	573	False
Q7XR83	Oryza sativa subsp. japonica	Viridiplantae	333	False
Q8VYI3	Arabidopsis thaliana	Viridiplantae	309	False
Q19972	Caenorhabditis elegans	Metazoa	270	False
Q9NXZ1	Homo sapiens	Metazoa	904	False
P93740	Arabidopsis thaliana	Viridiplantae	280	False
P40541	Saccharomyces cerevisiae	Fungi	1150	False
P40457	Saccharomyces cerevisiae	Fungi	1679	False
Q54T86	Dictyostelium discoideum	Other	568	False
P27793	Capnoides sempervirens	Viridiplantae	447	False
Q06505	Saccharomyces cerevisiae	Fungi	410	False
P38890	Saccharomyces cerevisiae	Fungi	526	False
P38770	Saccharomyces cerevisiae	Fungi	471	False
Q8K299	Mus musculus	Metazoa	491	True
O13816	Schizosaccharomyces pombe	Fungi	962	False
Q8TEC5	Homo sapiens	Metazoa	729	False
Q02447	Homo sapiens	Metazoa	781	False
Q5XIE6	Rattus norvegicus	Metazoa	385	False
P43558	Saccharomyces cerevisiae	Fungi	301	False
P47118	Saccharomyces cerevisiae	Fungi	141	False
Q9LF98	Arabidopsis thaliana	Viridiplantae	358	False
O74465	Schizosaccharomyces pombe	Fungi	999	False
Q5VWZ2	Homo sapiens	Metazoa	237	False
Q9D8H7	Mus musculus	Metazoa	521	False
Q9BWU0	Homo sapiens	Metazoa	742	False
O35250	Mus musculus	Metazoa	697	False
Q9SL05	Arabidopsis thaliana	Viridiplantae	133	False
P79015	Schizosaccharomyces pombe	Fungi	127	False
Q07688	Saccharomyces cerevisiae	Fungi	167	False
O35820	Rattus norvegicus	Metazoa	163	False
P86924	Trypanosoma brucei brucei	Other	416	False
Q86U28	Homo sapiens	Metazoa	154	False
Q9GZT6	Homo sapiens	Metazoa	254	False
Q15120	Homo sapiens	Metazoa	406	False
Q8TDR4	Homo sapiens	Metazoa	215	False
O13859	Schizosaccharomyces pombe	Fungi	285	False
P49411	Homo sapiens	Metazoa	455	False
Q8TCY9	Homo sapiens	Metazoa	931	False
Q9SJX7	Arabidopsis thaliana	Viridiplantae	433	False
P38633	Saccharomyces cerevisiae	Fungi	127	False
P82349	Mus musculus	Metazoa	320	True
Q2M3C6	Homo sapiens	Metazoa	523	False
Q5H9F3	Homo sapiens	Metazoa	1785	False
P09119	Saccharomyces cerevisiae	Fungi	513	False
Q96B49	Homo sapiens	Metazoa	74	False
P13264	Rattus norvegicus	Metazoa	674	False
Q9P7M1	Schizosaccharomyces pombe	Fungi	491	False
P12383	Saccharomyces cerevisiae	Fungi	1068	False
Q9FME4	Arabidopsis thaliana	Viridiplantae	521	False
Q8NFH4	Homo sapiens	Metazoa	326	False
Q7X7A4	Oryza sativa subsp. japonica	Viridiplantae	475	False
O43924	Homo sapiens	Metazoa	150	False
O74311	Schizosaccharomyces pombe	Fungi	150	False
Q6Q5X2	Saccharomyces cerevisiae	Fungi	51	False
Q9Y5L0	Homo sapiens	Metazoa	923	False
Q9FJ17	Arabidopsis thaliana	Viridiplantae	211	False
Q69YI7	Homo sapiens	Metazoa	327	False
K4CF70	Solanum lycopersicum	Viridiplantae	476	False
Q02354	Saccharomyces cerevisiae	Fungi	440	False
P32367	Saccharomyces cerevisiae	Fungi	649	False
Q8IWS0	Homo sapiens	Metazoa	365	False
O75821	Homo sapiens	Metazoa	320	False
P34233	Saccharomyces cerevisiae	Fungi	588	False
P12904	Saccharomyces cerevisiae	Fungi	322	False
Q8L7F7	Arabidopsis thaliana	Viridiplantae	739	False
Q8VZS0	Arabidopsis thaliana	Viridiplantae	321	True
Q96BY2	Homo sapiens	Metazoa	351	False
Q28205	Bos taurus	Metazoa	1199	False
P38793	Saccharomyces cerevisiae	Fungi	499	False
Q8WUF5	Homo sapiens	Metazoa	828	False
Q9LK88	Arabidopsis thaliana	Viridiplantae	196	False
Q39055	Arabidopsis thaliana	Viridiplantae	390	False
P46947	Saccharomyces cerevisiae	Fungi	266	False
P25651	Saccharomyces cerevisiae	Fungi	190	False
Q9SU50	Arabidopsis thaliana	Viridiplantae	626	True
Q60EN8	Oryza sativa subsp. japonica	Viridiplantae	151	True
Q1W6H9	Homo sapiens	Metazoa	321	False
Q9P0R6	Homo sapiens	Metazoa	139	False
Q9UUI3	Schizosaccharomyces pombe	Fungi	585	False
Q9ER31	Rattus norvegicus	Metazoa	455	True
Q03281	Saccharomyces cerevisiae	Fungi	663	False
P10914	Homo sapiens	Metazoa	325	False
Q9XH37	Oryza sativa subsp. indica	Viridiplantae	277	False
Q8VYF7	Arabidopsis thaliana	Viridiplantae	238	False
P06786	Saccharomyces cerevisiae	Fungi	1428	False
Q9UH99	Homo sapiens	Metazoa	717	False
Q9ZQI7	Arabidopsis thaliana	Viridiplantae	456	False
P07195	Homo sapiens	Metazoa	334	False
P16989	Homo sapiens	Metazoa	372	False
P34241	Saccharomyces cerevisiae	Fungi	1764	False
Q8I6Z7	Plasmodium falciparum	Other	1139	False
P40228	Arabidopsis thaliana	Viridiplantae	287	False
Q8LPR8	Arabidopsis thaliana	Viridiplantae	871	False
P52172	Drosophila melanogaster	Metazoa	1264	False
P32785	Saccharomyces cerevisiae	Fungi	401	False
P21827	Saccharomyces cerevisiae	Fungi	482	False
P15720	Gallus gallus	Metazoa	174	False
Q84TH9	Arabidopsis thaliana	Viridiplantae	959	False
O75971	Homo sapiens	Metazoa	98	False
P40050	Saccharomyces cerevisiae	Fungi	688	False
P09021	Mus musculus	Metazoa	270	False
P53297	Saccharomyces cerevisiae	Fungi	722	False
Q8K480	Mus musculus	Metazoa	584	True
P40023	Saccharomyces cerevisiae	Fungi	145	False
Q9LK57	Arabidopsis thaliana	Viridiplantae	394	False
Q9SLJ2	Arabidopsis thaliana	Viridiplantae	98	False
F4I8I0	Arabidopsis thaliana	Viridiplantae	596	True
Q9NQ33	Homo sapiens	Metazoa	181	False
P41223	Homo sapiens	Metazoa	144	False
P53241	Saccharomyces cerevisiae	Fungi	593	False
P53725	Saccharomyces cerevisiae	Fungi	186	False
P36552	Mus musculus	Metazoa	443	False
Q94K73	Arabidopsis thaliana	Viridiplantae	429	False
Q99615	Homo sapiens	Metazoa	494	False
Q659A1	Homo sapiens	Metazoa	982	False
Q10223	Schizosaccharomyces pombe	Fungi	431	False
B2CW77	Homo sapiens	Metazoa	178	False
P36038	Saccharomyces cerevisiae	Fungi	271	False
Q9FX31	Arabidopsis thaliana	Viridiplantae	722	False
Q9VLD6	Drosophila melanogaster	Metazoa	315	False
Q96B77	Homo sapiens	Metazoa	213	True
C4LY96	Entamoeba histolytica	Other	1151	False
Q16775	Homo sapiens	Metazoa	308	False
Q00497	Solanum lycopersicum	Viridiplantae	300	False
Q10SY9	Oryza sativa subsp. japonica	Viridiplantae	472	True
Q4E657	Trypanosoma cruzi	Other	485	False
P91928	Drosophila melanogaster	Metazoa	739	True
Q06116	Saccharomyces cerevisiae	Fungi	2489	True
B8BDQ4	Oryza sativa subsp. indica	Viridiplantae	696	False
Q94CE4	Arabidopsis thaliana	Viridiplantae	280	False
Q12082	Saccharomyces cerevisiae	Fungi	118	False
P30307	Homo sapiens	Metazoa	473	False
Q9DAG5	Mus musculus	Metazoa	247	False
Q7SGU0	Neurospora crassa	Fungi	376	False
Q5JPH6	Homo sapiens	Metazoa	523	False
P03903	Mus musculus	Metazoa	98	True
Q99590	Homo sapiens	Metazoa	1463	False
Q3UHC2	Mus musculus	Metazoa	2014	False
Q8N3F8	Homo sapiens	Metazoa	863	False
P25615	Saccharomyces cerevisiae	Fungi	582	False
Q9C0E2	Homo sapiens	Metazoa	1151	False
Q8BVE8	Mus musculus	Metazoa	1365	False
O62471	Caenorhabditis elegans	Metazoa	1592	False
Q9Z0X1	Mus musculus	Metazoa	612	False
C4QWS8	Komagataella phaffii	Fungi	363	False
P23772	Mus musculus	Metazoa	443	False
P61244	Homo sapiens	Metazoa	160	False
P25632	Saccharomyces cerevisiae	Fungi	483	False
P21138	Entamoeba histolytica	Other	233	False
P25420	Heliothis virescens	Metazoa	569	False
Q96WV2	Schizosaccharomyces pombe	Fungi	339	False
Q96ER3	Homo sapiens	Metazoa	474	False
A2AIL4	Mus musculus	Metazoa	333	False
P13653	Hordeum vulgare	Viridiplantae	388	False
Q6PDY0	Mus musculus	Metazoa	202	False
Q9P032	Homo sapiens	Metazoa	175	False
P42840	Saccharomyces cerevisiae	Fungi	284	True
Q9HCU9	Homo sapiens	Metazoa	246	False
Q14676	Homo sapiens	Metazoa	2089	False
O95433	Homo sapiens	Metazoa	338	False
Q19360	Caenorhabditis elegans	Metazoa	430	False
Q8C0V1	Mus musculus	Metazoa	768	False
P10174	Saccharomyces cerevisiae	Fungi	60	True
Q923D5	Mus musculus	Metazoa	641	False
P97577	Rattus norvegicus	Metazoa	393	False
P46060	Homo sapiens	Metazoa	587	False
P82245	Spinacia oleracea	Viridiplantae	148	False
Q9UTR1	Schizosaccharomyces pombe	Fungi	1018	False
Q9FHK4	Arabidopsis thaliana	Viridiplantae	615	False
Q5EAW4	Xenopus laevis	Metazoa	860	False
Q5DTT2	Mus musculus	Metazoa	1024	False
Q13492	Homo sapiens	Metazoa	652	False
Q06625	Saccharomyces cerevisiae	Fungi	1536	False
Q96I36	Homo sapiens	Metazoa	57	True
Q9UT55	Schizosaccharomyces pombe	Fungi	438	False
Q05021	Saccharomyces cerevisiae	Fungi	590	False
Q93015	Homo sapiens	Metazoa	286	False
Q8RWH9	Arabidopsis thaliana	Viridiplantae	513	False
O88382	Rattus norvegicus	Metazoa	1277	False
Q9H410	Homo sapiens	Metazoa	356	False
P90838	Caenorhabditis elegans	Metazoa	505	False
Q15365	Homo sapiens	Metazoa	356	False
P20143	Hordeum vulgare	Viridiplantae	143	False
Q95XQ1	Caenorhabditis elegans	Metazoa	578	False
Q52KF3	Mus musculus	Metazoa	598	False
O94716	Schizosaccharomyces pombe	Fungi	233	False
O15084	Homo sapiens	Metazoa	1053	False
Q9VL14	Drosophila melanogaster	Metazoa	118	False
P38855	Saccharomyces cerevisiae	Fungi	283	False
P03871	Saccharomyces cerevisiae	Fungi	373	False
Q9BZ67	Homo sapiens	Metazoa	464	False
P82162	Spinacia oleracea	Viridiplantae	195	False
Q06683	Saccharomyces cerevisiae	Fungi	689	False
P53251	Saccharomyces cerevisiae	Fungi	210	False
P83876	Homo sapiens	Metazoa	142	False
O22682	Arabidopsis thaliana	Viridiplantae	404	False
P43587	Saccharomyces cerevisiae	Fungi	155	False
Q6W5P4	Homo sapiens	Metazoa	371	True
A6YSL1	Zea mays	Viridiplantae	525	False
Q94BT6	Arabidopsis thaliana	Viridiplantae	609	False
Q10262	Schizosaccharomyces pombe	Fungi	131	False
Q5VWP2	Homo sapiens	Metazoa	391	False
Q5W0Q7	Homo sapiens	Metazoa	1092	False
Q84W56	Arabidopsis thaliana	Viridiplantae	911	False
P39023	Homo sapiens	Metazoa	403	False
Q3KNY0	Mus musculus	Metazoa	2849	False
Q95339	Sus scrofa	Metazoa	88	True
P53266	Saccharomyces cerevisiae	Fungi	389	True
P58753	Homo sapiens	Metazoa	221	False
P48987	Drosophila melanogaster	Metazoa	312	False
P32914	Saccharomyces cerevisiae	Fungi	102	False
Q9ZUT3	Arabidopsis thaliana	Viridiplantae	273	True
P38985	Saccharomyces cerevisiae	Fungi	146	False
Q1ENB6	Arabidopsis thaliana	Viridiplantae	484	False
Q06449	Saccharomyces cerevisiae	Fungi	215	False
Q9D011	Mus musculus	Metazoa	178	False
Q99L02	Mus musculus	Metazoa	253	False
Q15287	Homo sapiens	Metazoa	305	False
W8JWV8	Catharanthus roseus	Viridiplantae	378	False
Q20709	Caenorhabditis elegans	Metazoa	543	False
O43597	Homo sapiens	Metazoa	315	False
Q9CR24	Mus musculus	Metazoa	210	False
Q9NWV8	Homo sapiens	Metazoa	329	False
P40992	Saccharomyces cerevisiae	Fungi	514	False
Q9CQJ2	Mus musculus	Metazoa	290	False
Q39659	Cucumis sativus	Viridiplantae	725	False
P38297	Saccharomyces cerevisiae	Fungi	855	False
Q04408	Saccharomyces cerevisiae	Fungi	483	False
Q9WVL3	Mus musculus	Metazoa	1083	False
Q8GW29	Arabidopsis thaliana	Viridiplantae	217	False
Q8LPQ9	Arabidopsis thaliana	Viridiplantae	901	False
O75586	Homo sapiens	Metazoa	246	False
Q19203	Caenorhabditis elegans	Metazoa	310	False
P0CG13	Homo sapiens	Metazoa	121	False
P62857	Homo sapiens	Metazoa	69	False
O74544	Schizosaccharomyces pombe	Fungi	314	False
Q9Y5Q8	Homo sapiens	Metazoa	519	False
Q94165	Caenorhabditis elegans	Metazoa	256	False
Q12084	Saccharomyces cerevisiae	Fungi	232	False
P20050	Saccharomyces cerevisiae	Fungi	605	False
O35710	Mus musculus	Metazoa	429	False
Q92934	Homo sapiens	Metazoa	168	False
Q7TQK0	Mus musculus	Metazoa	723	False
Q08B36	Xenopus laevis	Metazoa	374	False
Q3KRA9	Homo sapiens	Metazoa	238	False
P30706	Pisum sativum	Viridiplantae	457	False
Q8WYK0	Homo sapiens	Metazoa	555	False
Q6NZF1	Mus musculus	Metazoa	792	False
A8WFJ9	Caenorhabditis elegans	Metazoa	437	False
Q9LMK5	Arabidopsis thaliana	Viridiplantae	160	False
Q8VZ20	Arabidopsis thaliana	Viridiplantae	314	False
P01129	Schizosaccharomyces pombe	Fungi	767	False
A0A445AGS0	Arachis hypogaea	Viridiplantae	203	False
F4IAT8	Arabidopsis thaliana	Viridiplantae	326	False
P51175	Mus musculus	Metazoa	477	False
Q6UEG8	Aspergillus parasiticus	Fungi	444	False
Q6R0G4	Arabidopsis thaliana	Viridiplantae	293	False
O70405	Mus musculus	Metazoa	1051	False
O20030	Chlamydomonas reinhardtii	Viridiplantae	197	True
O74879	Schizosaccharomyces pombe	Fungi	634	False
P38772	Saccharomyces cerevisiae	Fungi	366	False
P06509	Spinacia oleracea	Viridiplantae	272	False
O22287	Arabidopsis thaliana	Viridiplantae	361	False
Q9JJG9	Mus musculus	Metazoa	693	False
Q9DB96	Mus musculus	Metazoa	315	False
O94650	Schizosaccharomyces pombe	Fungi	73	False
P36517	Saccharomyces cerevisiae	Fungi	319	False
Q09838	Schizosaccharomyces pombe	Fungi	681	False
Q5VY09	Homo sapiens	Metazoa	327	False
P47057	Saccharomyces cerevisiae	Fungi	423	False
A3R064	Gallus gallus	Metazoa	426	False
Q6P0N0	Homo sapiens	Metazoa	1132	False
Q95T12	Drosophila melanogaster	Metazoa	194	True
Q21952	Caenorhabditis elegans	Metazoa	490	False
P21771	Saccharomyces cerevisiae	Fungi	286	False
Q00757	Emericella nidulans	Fungi	916	False
Q38796	Arabidopsis thaliana	Viridiplantae	953	False
G3UVW3	Mus musculus	Metazoa	457	True
Q9H4B6	Homo sapiens	Metazoa	383	False
P08708	Homo sapiens	Metazoa	135	False
P31115	Saccharomyces cerevisiae	Fungi	442	False
P42842	Saccharomyces cerevisiae	Fungi	904	False
Q8MQX9	Drosophila melanogaster	Metazoa	1174	False
Q7XI96	Oryza sativa subsp. japonica	Viridiplantae	298	False
E9Q236	Mus musculus	Metazoa	1325	False
Q12153	Saccharomyces cerevisiae	Fungi	453	False
Q5TCS8	Homo sapiens	Metazoa	1911	False
P50534	Drosophila melanogaster	Metazoa	773	False
Q3E785	Saccharomyces cerevisiae	Fungi	79	False
Q03305	Saccharomyces cerevisiae	Fungi	412	False
Q06675	Saccharomyces cerevisiae	Fungi	368	False
O43482	Homo sapiens	Metazoa	229	False
P04817	Saccharomyces cerevisiae	Fungi	590	False
O70361	Mus musculus	Metazoa	1113	False
P38398	Homo sapiens	Metazoa	1863	False
P36516	Saccharomyces cerevisiae	Fungi	390	False
Q9Y5X3	Homo sapiens	Metazoa	404	False
Q9Y5A7	Homo sapiens	Metazoa	615	False
P36160	Saccharomyces cerevisiae	Fungi	344	False
Q6PI48	Homo sapiens	Metazoa	645	False
Q9UGR2	Homo sapiens	Metazoa	977	False
Q04311	Saccharomyces cerevisiae	Fungi	632	False
P04271	Homo sapiens	Metazoa	92	False
Q6ZRQ5	Homo sapiens	Metazoa	1243	False
P62861	Homo sapiens	Metazoa	133	False
Q02297	Homo sapiens	Metazoa	640	False
Q91X84	Mus musculus	Metazoa	619	False
O14114	Schizosaccharomyces pombe	Fungi	1190	False
Q9EQ28	Mus musculus	Metazoa	462	False
B8B0E2	Oryza sativa subsp. indica	Viridiplantae	1246	False
Q96GE9	Homo sapiens	Metazoa	116	True
Q9BXW9	Homo sapiens	Metazoa	1451	False
P46970	Saccharomyces cerevisiae	Fungi	1048	False
A0A0K3AUE4	Caenorhabditis elegans	Metazoa	1968	False
O96693	Plasmodium falciparum	Other	488	False
Q9D7K5	Mus musculus	Metazoa	258	False
Q5PRF9	Homo sapiens	Metazoa	694	False
Q95XA8	Caenorhabditis elegans	Metazoa	486	False
B7Z0X7	Drosophila melanogaster	Metazoa	61	True
Q96E29	Homo sapiens	Metazoa	417	False
Q9BZJ7	Homo sapiens	Metazoa	368	True
Q06604	Saccharomyces cerevisiae	Fungi	576	False
P55197	Homo sapiens	Metazoa	1068	False
Q9P6N2	Schizosaccharomyces pombe	Fungi	229	False
P10964	Saccharomyces cerevisiae	Fungi	1664	False
Q3UNH4	Mus musculus	Metazoa	932	False
A8MZ59	Homo sapiens	Metazoa	198	False
P59055	Mus musculus	Metazoa	597	False
P0DP88	Danio rerio	Metazoa	75	True
P97481	Mus musculus	Metazoa	874	False
Q9M2X3	Arabidopsis thaliana	Viridiplantae	295	False
P29617	Drosophila melanogaster	Metazoa	1703	False
Q9SGH4	Arabidopsis thaliana	Viridiplantae	220	False
Q9P0Z9	Homo sapiens	Metazoa	390	False
Q62187	Mus musculus	Metazoa	859	False
Q767K8	Sus scrofa	Metazoa	258	False
Q99L90	Mus musculus	Metazoa	462	False
Q9LX93	Arabidopsis thaliana	Viridiplantae	301	True
P56382	Mus musculus	Metazoa	52	False
Q9P0N8	Homo sapiens	Metazoa	246	False
P78587	Candida albicans	Fungi	449	False
Q9W0I5	Drosophila melanogaster	Metazoa	251	False
F4IN23	Arabidopsis thaliana	Viridiplantae	321	False
Q9SY69	Arabidopsis thaliana	Viridiplantae	913	False
Q67Y99	Arabidopsis thaliana	Viridiplantae	330	False
Q42564	Arabidopsis thaliana	Viridiplantae	287	False
P16451	Saccharomyces cerevisiae	Fungi	410	False
P24613	Spinacia oleracea	Viridiplantae	256	False
Q62261	Mus musculus	Metazoa	2363	False
Q9ZPX5	Arabidopsis thaliana	Viridiplantae	632	False
P07246	Saccharomyces cerevisiae	Fungi	375	False
P97524	Rattus norvegicus	Metazoa	620	True
Q6PCZ4	Mus musculus	Metazoa	918	False
Q1ACB3	Arabidopsis thaliana	Viridiplantae	386	False
Q9CRA5	Mus musculus	Metazoa	298	False
Q7RXU7	Neurospora crassa	Fungi	396	False
Q08931	Saccharomyces cerevisiae	Fungi	133	False
Q8WZK3	Schizosaccharomyces pombe	Fungi	138	False
Q9QXV1	Mus musculus	Metazoa	362	False
G5EBR8	Caenorhabditis elegans	Metazoa	247	False
D3ZKB9	Rattus norvegicus	Metazoa	1072	False
Q07279	Mus musculus	Metazoa	373	False
P32432	Saccharomyces cerevisiae	Fungi	683	False
Q9Y5Z9	Homo sapiens	Metazoa	338	True
Q9LF24	Arabidopsis thaliana	Viridiplantae	927	False
Q8WZ33	Homo sapiens	Metazoa	124	False
Q8QZY3	Mus musculus	Metazoa	150	False
P40498	Saccharomyces cerevisiae	Fungi	721	False
A0A096LP01	Homo sapiens	Metazoa	95	True
Q9H633	Homo sapiens	Metazoa	154	False
Q8UUZ1	Danio rerio	Metazoa	359	False
Q920A7	Mus musculus	Metazoa	789	False
Q9FFA7	Arabidopsis thaliana	Viridiplantae	368	False
Q8NHV9	Homo sapiens	Metazoa	184	False
Q9UTK5	Schizosaccharomyces pombe	Fungi	1727	False
Q42496	Chlamydomonas reinhardtii	Viridiplantae	99	True
Q96JM7	Homo sapiens	Metazoa	780	False
Q8NBF2	Homo sapiens	Metazoa	726	False
J9VLJ9	Cryptococcus neoformans var. grubii serotype A	Fungi	154	False
P40012	Saccharomyces cerevisiae	Fungi	539	False
X5JA13	Arabidopsis thaliana	Viridiplantae	825	False
Q96TL7	Schizosaccharomyces pombe	Fungi	693	False
Q91X44	Mus musculus	Metazoa	623	False
P40154	Saccharomyces cerevisiae	Fungi	320	False
Q6PEM8	Mus musculus	Metazoa	459	True
Q8NBT2	Homo sapiens	Metazoa	197	False
Q05863	Saccharomyces cerevisiae	Fungi	155	False
P08212	Pisum sativum	Viridiplantae	81	True
Q8IEF6	Plasmodium falciparum	Other	414	False
Q9BYD2	Homo sapiens	Metazoa	267	False
Q9ZQZ6	Arabidopsis thaliana	Viridiplantae	263	False
Q9BV86	Homo sapiens	Metazoa	223	False
W7MAT5	Gibberella moniliformis	Fungi	574	True
O00625	Homo sapiens	Metazoa	290	False
O94609	Schizosaccharomyces pombe	Fungi	1012	False
Q9BWW7	Homo sapiens	Metazoa	348	False
Q9ZNV9	Arabidopsis thaliana	Viridiplantae	154	False
Q9CQ86	Mus musculus	Metazoa	115	False
F4J264	Arabidopsis thaliana	Viridiplantae	406	False
Q96375	Capsicum annuum	Viridiplantae	660	False
Q91YJ3	Mus musculus	Metazoa	226	False
O42804	Aspergillus niger	Fungi	945	False
P23526	Homo sapiens	Metazoa	432	False
P42073	Saccharomyces cerevisiae	Fungi	533	False
Q14498	Homo sapiens	Metazoa	530	False
Q04712	Saccharomyces cerevisiae	Fungi	507	False
O70597	Rattus norvegicus	Metazoa	246	False
Q7ZT01	Xenopus laevis	Metazoa	210	False
P56277	Homo sapiens	Metazoa	68	False
P17987	Homo sapiens	Metazoa	556	False
Q9BUH6	Homo sapiens	Metazoa	204	False
Q99NF2	Mus musculus	Metazoa	532	False
Q2VWA4	Homo sapiens	Metazoa	1015	False
P30968	Homo sapiens	Metazoa	328	True
P97852	Rattus norvegicus	Metazoa	735	False
Q9C000	Homo sapiens	Metazoa	1473	False
P04921	Homo sapiens	Metazoa	128	True
F4IV66	Arabidopsis thaliana	Viridiplantae	1001	False
Q9LPL4	Arabidopsis thaliana	Viridiplantae	360	False
Q05958	Saccharomyces cerevisiae	Fungi	814	False
A0JNW5	Homo sapiens	Metazoa	1464	False
