UniprotAccession	Organism	Kingdom	ProteinLength	SPPosition
Q9Y5U5	Homo sapiens	Metazoa	241	25
O43852	Homo sapiens	Metazoa	315	19
Q96BY9	Homo sapiens	Metazoa	339	30
P01027	Mus musculus	Metazoa	1663	24
Q9UIK5	Homo sapiens	Metazoa	374	40
Q08738	Bombyx mori	Metazoa	239	16
Q8WML4	Bos taurus	Metazoa	580	22
A0A0D1DWQ2	Mycosarcoma maydis	Fungi	290	21
P38574	Bos taurus	Metazoa	287	18
P04196	Homo sapiens	Metazoa	525	18
Q96BF3	Homo sapiens	Metazoa	282	22
Q61885	Mus musculus	Metazoa	246	28
Q16927	Aedes aegypti	Metazoa	2169	46
Q8X150	Gaeumannomyces tritici	Fungi	618	16
P27773	Mus musculus	Metazoa	505	24
P12024	Drosophila melanogaster	Metazoa	1315	29
A6MEY4	Bungarus fasciatus	Metazoa	145	27
O55038	Mus musculus	Metazoa	109	21
E0XKJ8	Tabanus yao	Metazoa	256	16
Q5B428	Emericella nidulans	Fungi	244	23
Q9BZR6	Homo sapiens	Metazoa	473	26
Q02596	Mus musculus	Metazoa	151	19
Q9Z0L3	Mus musculus	Metazoa	485	17
Q6RG02	Penaeus merguiensis	Metazoa	2586	18
P01297	Sus scrofa	Metazoa	121	24
Q6UWJ8	Homo sapiens	Metazoa	174	29
O00092	Aspergillus fumigatus	Fungi	465	26
Q7M4T0	Neurospora crassa	Fungi	480	17
Q8RUW5	Arabidopsis thaliana	Viridiplantae	433	19
P11717	Homo sapiens	Metazoa	2491	40
P42705	Canis lupus familiaris	Metazoa	352	23
Q23997	Drosophila melanogaster	Metazoa	452	18
Q59XX2	Candida albicans	Fungi	378	32
O60931	Homo sapiens	Metazoa	367	22
P86009	Dromaius novaehollandiae	Metazoa	238	17
Q99519	Homo sapiens	Metazoa	415	47
Q7Z5L0	Homo sapiens	Metazoa	202	24
Q12127	Saccharomyces cerevisiae	Fungi	133	18
P40259	Homo sapiens	Metazoa	229	28
P13612	Homo sapiens	Metazoa	1032	33
Q70SU7	Salvelinus alpinus	Metazoa	342	19
Q6QD51	Rattus norvegicus	Metazoa	949	27
Q13478	Homo sapiens	Metazoa	541	18
P59665	Homo sapiens	Metazoa	94	19
Q76FB0	Cyanidium caldarium	Other	155	20
Q90WJ9	Takifugu pardalis	Metazoa	391	20
P25291	Canis lupus familiaris	Metazoa	509	21
Q9NRM6	Homo sapiens	Metazoa	502	17
B1P0S1	Pseudopleuronectes americanus	Metazoa	218	23
P0CX77	Saccharomyces cerevisiae	Fungi	362	25
P0DUS6	Doratifera vulnerans	Metazoa	60	24
Q96HE7	Homo sapiens	Metazoa	468	23
Q5AMT2	Candida albicans	Fungi	308	18
P07994	Bos taurus	Metazoa	360	17
P47178	Saccharomyces cerevisiae	Fungi	298	19
P0DUS8	Doratifera vulnerans	Metazoa	59	17
Q64HC7	Armadillidium vulgare	Metazoa	73	19
O46167	Eratigena agrestis	Metazoa	68	17
P18428	Homo sapiens	Metazoa	481	25
Q9NBW4	Theromyzon tessulatum	Metazoa	101	19
P82103	Mytilus galloprovincialis	Metazoa	96	20
Q9UBP4	Homo sapiens	Metazoa	350	21
Q00802	Bombyx mori	Metazoa	256	17
P20757	Ovis aries	Metazoa	476	24
P17948	Homo sapiens	Metazoa	1338	26
P08375	Sarcophaga peregrina	Metazoa	63	23
Q50KB1	Emiliania huxleyi	Other	223	17
Q9NRR1	Homo sapiens	Metazoa	136	22
P13204	Bos taurus	Metazoa	129	26
Q4V4I9	Drosophila melanogaster	Metazoa	182	22
P02466	Rattus norvegicus	Metazoa	1372	22
Q8WP90	Solenopsis invicta	Metazoa	153	19
P21828	Bombyx mori	Metazoa	262	16
P25116	Homo sapiens	Metazoa	425	21
A0A7M6UMR7	Apis mellifera	Metazoa	1010	16
Q02809	Homo sapiens	Metazoa	727	18
O08795	Mus musculus	Metazoa	521	14
P56722	Bos taurus	Metazoa	979	34
P20068	Rattus norvegicus	Metazoa	169	22
P0C1X6	Tityus discrepans	Metazoa	62	26
P07141	Mus musculus	Metazoa	552	32
O75711	Homo sapiens	Metazoa	98	20
P81941	Pseudopleuronectes americanus	Metazoa	68	22
P13598	Homo sapiens	Metazoa	275	24
Q9LRC8	Scutellaria baicalensis	Viridiplantae	527	25
Q02795	Saccharomyces cerevisiae	Fungi	286	19
Q8I948	Acanthoscurria gomesiana	Metazoa	156	23
Q8I817	Aplysia californica	Metazoa	88	19
P02814	Homo sapiens	Metazoa	79	22
P41271	Homo sapiens	Metazoa	181	16
Q4W1I9	Zinnia elegans	Viridiplantae	321	30
P02779	Oryctolagus cuniculus	Metazoa	91	21
P80915	Macadamia integrifolia	Viridiplantae	102	26
P48765	Bos taurus	Metazoa	970	32
Q968Z6	Dictyostelium discoideum	Other	557	19
Q8TDQ1	Homo sapiens	Metazoa	290	19
P20013	Trametes versicolor	Fungi	372	26
Q02126	Hordeum vulgare	Viridiplantae	330	25
P17164	Rattus norvegicus	Metazoa	462	28
Q06K77	Phlebotomus duboscqi	Metazoa	336	21
Q03383	Bombyx mori	Metazoa	400	16
P25404	Mirabilis jalapa	Viridiplantae	63	27
Q9NZ53	Homo sapiens	Metazoa	605	32
P58154	Lymnaea stagnalis	Metazoa	229	19
P06332	Mus musculus	Metazoa	457	26
Q8T0Y7	Aplysia californica	Metazoa	141	26
Q9ZT64	Pinus contorta	Viridiplantae	513	23
Q05928	Mus musculus	Metazoa	177	31
Q40975	Papaver rhoeas	Viridiplantae	139	19
P05067	Homo sapiens	Metazoa	770	17
P24821	Homo sapiens	Metazoa	2201	22
P53366	Sus scrofa	Metazoa	188	21
P14209	Homo sapiens	Metazoa	185	22
P86929	Metaphire guillelmi	Metazoa	73	14
Q8MJV4	Bos taurus	Metazoa	122	24
P49767	Homo sapiens	Metazoa	419	31
P48819	Sus scrofa	Metazoa	459	19
P16382	Mus musculus	Metazoa	810	25
P31419	Manduca sexta	Metazoa	161	20
P02652	Homo sapiens	Metazoa	100	18
P17690	Bos taurus	Metazoa	345	19
P01538	Viscum album	Viridiplantae	111	26
G4V4F9	Cupiennius salei	Metazoa	97	19
Q7Q7R8	Anopheles gambiae	Metazoa	89	29
P07981	Hypocrea jecorina	Fungi	459	22
O62605	Galleria mellonella	Metazoa	218	16
P23142	Homo sapiens	Metazoa	703	29
O76076	Homo sapiens	Metazoa	250	23
Q8LG54	Arabidopsis thaliana	Viridiplantae	130	21
P12273	Homo sapiens	Metazoa	146	28
E0XKJ9	Tabanus yao	Metazoa	349	25
P15261	Mus musculus	Metazoa	477	25
Q8NBM8	Homo sapiens	Metazoa	494	22
Q9Z0M9	Mus musculus	Metazoa	193	28
P40967	Homo sapiens	Metazoa	661	24
Q8NK90	Aspergillus kawachii	Fungi	628	25
P80109	Bos taurus	Metazoa	839	23
Q10E50	Oryza sativa subsp. japonica	Viridiplantae	163	43
Q96LA5	Homo sapiens	Metazoa	508	19
P60568	Homo sapiens	Metazoa	153	20
Q969H8	Homo sapiens	Metazoa	173	31
O88188	Mus musculus	Metazoa	162	19
P09479	Gallus gallus	Metazoa	456	20
Q6UXH1	Homo sapiens	Metazoa	353	24
P10968	Triticum aestivum	Viridiplantae	212	26
P61312	Rattus norvegicus	Metazoa	146	25
Q25589	Faxonius limosus	Metazoa	135	26
P34115	Dictyostelium discoideum	Other	730	20
P55058	Homo sapiens	Metazoa	493	17
O95813	Homo sapiens	Metazoa	267	17
P27731	Gallus gallus	Metazoa	150	20
P01591	Homo sapiens	Metazoa	159	22
A1IKL2	Anisakis simplex	Metazoa	152	18
P68248	Gallus gallus	Metazoa	80	25
P02760	Homo sapiens	Metazoa	352	19
Q07654	Homo sapiens	Metazoa	80	21
Q969Z4	Homo sapiens	Metazoa	430	25
C9K4X8	Patiria pectinifera	Metazoa	116	29
O61668	Olivierus martensii	Metazoa	88	18
P13727	Homo sapiens	Metazoa	222	16
A0A2I6QB00	Trametes coccinea	Fungi	418	18
P0DQB8	Scolopendra dehaani	Metazoa	73	20
P05090	Homo sapiens	Metazoa	189	20
Q8MMH5	Pimpla hypochondriaca	Metazoa	61	20
P60153	Homo sapiens	Metazoa	205	26
Q8T113	Bombyx mori	Metazoa	227	17
P0DL40	Vespa magnifica	Metazoa	67	21
P45590	Hyalophora cecropia	Metazoa	129	17
P02649	Homo sapiens	Metazoa	317	18
Q8S2W4	Arabidopsis thaliana	Viridiplantae	61	22
Q8NAC3	Homo sapiens	Metazoa	791	20
P30440	Felis catus	Metazoa	109	17
P14770	Homo sapiens	Metazoa	177	16
C5P3X6	Coccidioides posadasii	Fungi	276	18
Q9GU69	Lymnaea stagnalis	Metazoa	64	21
P42292	Gallus gallus	Metazoa	588	33
P10163	Homo sapiens	Metazoa	310	16
Q8BPM6	Mus musculus	Metazoa	367	31
Q86YT9	Homo sapiens	Metazoa	394	19
P34746	Oreochromis mossambicus	Metazoa	204	17
P54900	Rattus norvegicus	Metazoa	215	29
Q5B833	Emericella nidulans	Fungi	387	24
P07204	Homo sapiens	Metazoa	575	18
P86872	Margaritifera margaritifera	Metazoa	260	19
K9N4Q4	Phlebotomus papatasi	Metazoa	246	23
P11590	Mus musculus	Metazoa	178	16
P02809	Macaca fascicularis	Metazoa	61	19
Q08380	Homo sapiens	Metazoa	585	18
Q95NJ8	Olivierus martensii	Metazoa	55	23
Q8TD06	Homo sapiens	Metazoa	166	21
C0HL38	Trichonephila clavata	Metazoa	60	19
Q969N2	Homo sapiens	Metazoa	578	21
P28770	Oncorhynchus mykiss	Metazoa	221	21
Q06K61	Phlebotomus duboscqi	Metazoa	516	20
O00105	Aspergillus niger	Fungi	564	19
Q9BXJ7	Homo sapiens	Metazoa	453	19
Q17058	Apis mellifera	Metazoa	567	17
P51868	Rattus norvegicus	Metazoa	413	19
P02702	Bos taurus	Metazoa	241	19
Q6UX27	Homo sapiens	Metazoa	236	16
I6S7G5	Scolopendra mutilans	Metazoa	84	16
Q9TRM8	Canis lupus familiaris	Metazoa	177	25
P52823	Homo sapiens	Metazoa	247	17
Q25255	Lucilia cuprina	Metazoa	356	23
P27654	Saccharomyces cerevisiae	Fungi	210	19
I3LGZ3	Sus scrofa	Metazoa	81	24
P20462	Notamacropus eugenii	Metazoa	176	18
P35495	Sus scrofa	Metazoa	133	24
O48818	Arabidopsis thaliana	Viridiplantae	257	20
Q94733	Rhodnius prolixus	Metazoa	202	23
Q6E0U4	Homo sapiens	Metazoa	476	21
Q76FP5	Hypocrea rufa	Fungi	479	20
P01033	Homo sapiens	Metazoa	207	23
P17715	Octodon degus	Metazoa	109	24
P48816	Bombyx mori	Metazoa	137	18
P85261	Actinidia chinensis var. chinensis	Viridiplantae	213	24
Q9NTU7	Homo sapiens	Metazoa	201	27
P34951	Hordeum vulgare	Viridiplantae	143	24
Q9Y240	Homo sapiens	Metazoa	323	21
B0XT72	Aspergillus fumigatus	Fungi	452	19
P56202	Homo sapiens	Metazoa	376	21
P0C8G7	Pomacea canaliculata	Metazoa	286	30
P14946	Lolium perenne	Viridiplantae	263	23
P82358	Acanthoscurria gomesiana	Metazoa	84	23
C0H9B6	Salmo salar	Metazoa	413	19
W1I921	Achatina achatina	Metazoa	184	26
Q7Z0T3	Aplysia californica	Metazoa	125	22
Q8N766	Homo sapiens	Metazoa	993	22
O76537	Trichoplusia ni	Metazoa	182	16
P39037	Sus scrofa	Metazoa	232	15
P81160	Drosophila melanogaster	Metazoa	54	21
Q41161	Robinia pseudoacacia	Viridiplantae	285	31
P0DQC1	Scolopendra dehaani	Metazoa	92	20
Q6IUU3	Rattus norvegicus	Metazoa	750	32
O88917	Rattus norvegicus	Metazoa	1515	24
Q9V496	Drosophila melanogaster	Metazoa	3351	25
P04275	Homo sapiens	Metazoa	2813	22
P01221	Cyprinus carpio	Metazoa	118	23
P23515	Homo sapiens	Metazoa	440	24
O00206	Homo sapiens	Metazoa	839	23
Q09117	Populus deltoides	Viridiplantae	312	24
A0A0F7YYX3	Conus victoriae	Metazoa	196	25
O80323	Pyrus pyrifolia	Viridiplantae	222	22
Q28862	Bos taurus	Metazoa	310	16
P13611	Homo sapiens	Metazoa	3396	20
P09230	Yarrowia lipolytica	Fungi	454	15
P22301	Homo sapiens	Metazoa	178	18
A0A1S3PBB7	Salmo salar	Metazoa	375	23
Q5XM24	Dictyostelium discoideum	Other	494	18
Q18184	Caenorhabditis elegans	Metazoa	89	23
P01364	Aplysia californica	Metazoa	108	23
P80060	Locusta migratoria	Metazoa	92	19
P81383	Ophiophagus hannah	Metazoa	491	20
P19427	Bos taurus	Metazoa	201	18
P28825	Mus musculus	Metazoa	747	20
P08833	Homo sapiens	Metazoa	259	25
P31608	Sagittaria sagittifolia	Viridiplantae	181	24
Q5PP12	Arabidopsis thaliana	Viridiplantae	69	25
P51460	Homo sapiens	Metazoa	131	20
P80356	Avena sativa	Viridiplantae	220	19
P42264	Rattus norvegicus	Metazoa	919	31
O01949	Aedes aegypti	Metazoa	273	19
P0DUQ6	Conus planorbis	Metazoa	70	21
Q1XG90	Crassostrea virginica	Metazoa	135	18
Q8L5J1	Solanum lycopersicum	Viridiplantae	399	26
Q9NYY1	Homo sapiens	Metazoa	176	24
P62520	Chilobrachys guangxiensis	Metazoa	63	27
Q9H5V8	Homo sapiens	Metazoa	836	29
P05367	Mus musculus	Metazoa	122	19
P13917	Glycine max	Viridiplantae	427	24
O75462	Homo sapiens	Metazoa	422	37
Q8T0W3	Pimpla hypochondriaca	Metazoa	63	25
G4ZHR2	Phytophthora sojae	Other	241	19
P15196	Oryctolagus cuniculus	Metazoa	398	31
P93484	Pisum sativum	Viridiplantae	623	22
Q27270	Tenebrio molitor	Metazoa	96	18
P0DSJ6	Myrmecia gulosa	Metazoa	62	24
Q62867	Rattus norvegicus	Metazoa	317	24
P01588	Homo sapiens	Metazoa	193	27
P09586	Mus musculus	Metazoa	222	31
P33767	Saccharomyces cerevisiae	Fungi	430	20
Q9M373	Arabidopsis thaliana	Viridiplantae	74	26
Q05091	Pyrus communis	Viridiplantae	330	24
Q8BSU2	Mus musculus	Metazoa	246	26
Q8N6C8	Homo sapiens	Metazoa	439	23
Q9MYV1	Canis lupus familiaris	Metazoa	128	25
Q9VMD9	Drosophila melanogaster	Metazoa	2188	18
O14786	Homo sapiens	Metazoa	923	21
Q6WN34	Homo sapiens	Metazoa	429	25
Q12546	Aspergillus ficuum	Fungi	614	22
Q3C258	Actinia equina	Metazoa	70	20
O35701	Mus musculus	Metazoa	481	27
P32358	Bombyx mori	Metazoa	579	15
Q92765	Homo sapiens	Metazoa	325	32
P83313	Opistophthalmus carinatus	Metazoa	82	22
P02763	Homo sapiens	Metazoa	201	18
Q9U8D1	Olivierus martensii	Metazoa	56	28
P55000	Homo sapiens	Metazoa	103	22
Q00193	Oryctolagus cuniculus	Metazoa	540	24
Q96DR8	Homo sapiens	Metazoa	90	20
P0DUT6	Doratifera vulnerans	Metazoa	66	20
P30438	Felis catus	Metazoa	92	22
Q9C9H5	Arabidopsis thaliana	Viridiplantae	484	21
P15289	Homo sapiens	Metazoa	507	18
Q9UNE0	Homo sapiens	Metazoa	448	26
B4FZ87	Zea mays	Viridiplantae	396	31
P08514	Homo sapiens	Metazoa	1039	31
Q52085	Heterostelium pallidum	Other	320	19
Q8BHP7	Mus musculus	Metazoa	681	32
P0DUS5	Doratifera vulnerans	Metazoa	57	24
P43174	Ambrosia psilostachya	Viridiplantae	77	22
P19438	Homo sapiens	Metazoa	455	29
Q9BQ51	Homo sapiens	Metazoa	273	19
P20507	Chlamydomonas reinhardtii	Viridiplantae	377	20
Q9TW32	Dictyostelium discoideum	Other	197	22
O11780	Sus scrofa	Metazoa	683	23
G5ED35	Caenorhabditis elegans	Metazoa	135	20
Q13162	Homo sapiens	Metazoa	271	37
Q6ZSA7	Homo sapiens	Metazoa	298	34
Q99013	Pseudopleuronectes americanus	Metazoa	82	23
Q7M418	Oligobrachia mashikoi	Metazoa	163	16
O95866	Homo sapiens	Metazoa	241	17
P28335	Homo sapiens	Metazoa	458	32
Q8WMP9	Bos taurus	Metazoa	407	29
P02659	Gallus gallus	Metazoa	106	24
P04217	Homo sapiens	Metazoa	495	21
O42807	Aspergillus niger	Fungi	281	21
A7L035	Chironex fleckeri	Metazoa	456	20
Q589G4	Anoplius samariensis	Metazoa	75	17
C0HKM3	Conus purpurascens	Metazoa	458	18
Q86IV5	Dictyostelium discoideum	Other	258	21
I6RA76	Scolopendra mutilans	Metazoa	64	18
Q15399	Homo sapiens	Metazoa	786	24
P33559	Aspergillus kawachii	Fungi	327	25
P19034	Bos taurus	Metazoa	101	22
P02743	Homo sapiens	Metazoa	223	19
P55203	Bos taurus	Metazoa	1110	56
Q07092	Homo sapiens	Metazoa	1604	21
M1MR49	Rhipicephalus appendiculatus	Metazoa	176	24
Q16552	Homo sapiens	Metazoa	155	23
Q9VG55	Drosophila melanogaster	Metazoa	191	24
Q9R1T7	Rattus norvegicus	Metazoa	200	20
P21837	Dictyostelium discoideum	Other	550	19
D7UQ40	Alternaria solani	Fungi	515	25
O64392	Triticum aestivum	Viridiplantae	146	21
P23438	Canis lupus familiaris	Metazoa	183	17
P21814	Ovis aries	Metazoa	429	25
Q00945	Lymnaea stagnalis	Metazoa	155	26
P01068	Ananas comosus	Viridiplantae	246	19
P20333	Homo sapiens	Metazoa	461	22
Q8T4J9	Manduca sexta	Metazoa	180	15
P18761	Mus musculus	Metazoa	317	17
Q9Y6C2	Homo sapiens	Metazoa	1016	21
P35053	Rattus norvegicus	Metazoa	558	23
Q8N126	Homo sapiens	Metazoa	398	24
P31420	Manduca sexta	Metazoa	274	18
P61916	Homo sapiens	Metazoa	151	19
P07439	Megabalanus rosa	Metazoa	162	24
Q9GSA4	Galleria mellonella	Metazoa	113	19
Q59Y31	Candida albicans	Fungi	533	21
Q25055	Holotrichia diomphalia	Metazoa	104	20
P01076	Solanum lycopersicum	Viridiplantae	77	32
Q7ZZN8	Naja atra	Metazoa	238	19
P25236	Rattus norvegicus	Metazoa	385	19
P24817	Momordica charantia	Viridiplantae	286	23
P05790	Bombyx mori	Metazoa	5263	21
P84843	Hybomitra bimaculata	Metazoa	76	20
G1CWH6	Clitoria ternatea	Viridiplantae	122	25
O43866	Homo sapiens	Metazoa	347	19
P26842	Homo sapiens	Metazoa	260	19
Q01682	Schizosaccharomyces pombe	Fungi	463	18
P16144	Homo sapiens	Metazoa	1822	27
P28798	Mus musculus	Metazoa	589	17
O75629	Homo sapiens	Metazoa	220	31
P49125	Latrodectus tredecimguttatus	Metazoa	88	18
P28319	Saccharomyces cerevisiae	Fungi	239	20
P29459	Homo sapiens	Metazoa	219	22
P0DKU2	Pandinus imperator	Metazoa	145	15
Q75WF2	Acanthaster planci	Metazoa	358	26
P01350	Homo sapiens	Metazoa	101	21
P33487	Arabidopsis thaliana	Viridiplantae	198	33
P15226	Tityus serrulatus	Metazoa	84	20
P0DQE1	Scolopendra dehaani	Metazoa	109	23
Q9GZZ8	Homo sapiens	Metazoa	138	19
P07727	Rattus norvegicus	Metazoa	457	28
Q9ERQ6	Rattus norvegicus	Metazoa	571	30
P00996	Bos taurus	Metazoa	79	23
Q9H7M9	Homo sapiens	Metazoa	311	32
D3Z9M3	Rattus norvegicus	Metazoa	109	16
Q13445	Homo sapiens	Metazoa	227	23
Q43413	Capsicum annuum	Viridiplantae	75	27
O13547	Saccharomyces cerevisiae	Fungi	238	22
P05560	Dromaius novaehollandiae	Metazoa	207	23
Q9UVI4	Claviceps fusiformis	Fungi	394	16
P97710	Rattus norvegicus	Metazoa	509	31
Q01460	Rattus norvegicus	Metazoa	367	23
P14217	Chlamydomonas reinhardtii	Viridiplantae	647	21
Q53NL5	Oryza sativa subsp. japonica	Viridiplantae	290	27
O95157	Homo sapiens	Metazoa	252	22
P23389	Bos taurus	Metazoa	646	20
Q6T6C1	Theromyzon tessulatum	Metazoa	107	21
P21978	Leishmania amazonensis	Other	476	32
Q9Z1K9	Rattus norvegicus	Metazoa	827	17
Q05359	Saccharomyces cerevisiae	Fungi	219	22
P24807	Mus musculus	Metazoa	76	26
Q15768	Homo sapiens	Metazoa	340	27
Q8MMH0	Pimpla hypochondriaca	Metazoa	109	21
P80188	Homo sapiens	Metazoa	198	20
Q924B5	Rattus norvegicus	Metazoa	250	25
A0A0R4I951	Scolopendra dehaani	Metazoa	70	23
Q96AP7	Homo sapiens	Metazoa	390	29
P54660	Dictyostelium discoideum	Other	143	22
O59896	Pycnoporus cinnabarinus	Fungi	518	21
Q9SUQ8	Arabidopsis thaliana	Viridiplantae	187	29
Q63617	Rattus norvegicus	Metazoa	999	32
P32472	Saccharomyces cerevisiae	Fungi	135	17
P55083	Homo sapiens	Metazoa	255	21
P02462	Homo sapiens	Metazoa	1669	27
Q8C1Q4	Mus musculus	Metazoa	291	21
Q8VCS0	Mus musculus	Metazoa	530	22
Q6T6C2	Theromyzon tessulatum	Metazoa	97	22
Q01965	Mus musculus	Metazoa	654	47
Q86Y34	Homo sapiens	Metazoa	549	20
Q07081	Aquarana catesbeiana	Metazoa	464	16
P20656	Saponaria officinalis	Viridiplantae	299	24
Q9Y4X3	Homo sapiens	Metazoa	112	24
Q9H293	Homo sapiens	Metazoa	177	32
P11654	Rattus norvegicus	Metazoa	1886	25
P83472	Lumbricus terrestris	Metazoa	86	22
Q02083	Homo sapiens	Metazoa	359	28
P24052	Gallus gallus	Metazoa	142	21
C7G3K3	Liocheles australasiae	Metazoa	80	21
P10257	Oncorhynchus keta	Metazoa	137	24
P12318	Homo sapiens	Metazoa	317	33
O60609	Homo sapiens	Metazoa	400	31
P00635	Saccharomyces cerevisiae	Fungi	467	17
P01174	Rattus norvegicus	Metazoa	137	19
Q875I9	Aspergillus fumigatus	Fungi	238	17
Q9NQ25	Homo sapiens	Metazoa	335	22
D4A540	Rattus norvegicus	Metazoa	148	31
Q9JI59	Mus musculus	Metazoa	298	28
Q6UX46	Homo sapiens	Metazoa	152	24
Q9BX74	Homo sapiens	Metazoa	207	37
P48307	Homo sapiens	Metazoa	235	22
O14412	Orpinomyces sp.	Fungi	245	29
E0D877	Aedes albopictus	Metazoa	564	25
C4NZN9	Hyas araneus	Metazoa	131	16
P22894	Homo sapiens	Metazoa	467	20
P19320	Homo sapiens	Metazoa	739	24
Q05443	Bos taurus	Metazoa	342	18
Q27082	Tachypleus tridentatus	Metazoa	673	19
B0CPC6	Laccaria bicolor	Fungi	206	21
Q8H8C7	Oryza sativa subsp. japonica	Viridiplantae	356	28
Q24824	Entamoeba histolytica	Other	96	19
C0HLA0	Chamaecyparis obtusa	Viridiplantae	556	28
O15455	Homo sapiens	Metazoa	904	23
P20774	Homo sapiens	Metazoa	298	20
O95715	Homo sapiens	Metazoa	111	34
Q16627	Homo sapiens	Metazoa	93	19
P08236	Homo sapiens	Metazoa	651	22
B9A8D7	Crassostrea virginica	Metazoa	85	18
P02810	Homo sapiens	Metazoa	166	16
Q96S96	Homo sapiens	Metazoa	227	22
P0DPU9	Myrmecia gulosa	Metazoa	67	25
Q55U20	Cryptococcus neoformans var. neoformans serotype D	Fungi	458	51
P15450	Apis mellifera	Metazoa	53	19
P67876	Aspergillus restrictus	Fungi	176	27
P01139	Mus musculus	Metazoa	241	18
Q6IWZ0	Aplysia californica	Metazoa	535	18
Q9NS68	Homo sapiens	Metazoa	423	29
P54837	Saccharomyces cerevisiae	Fungi	211	20
P14925	Rattus norvegicus	Metazoa	976	25
P14214	Tachypleus tridentatus	Metazoa	77	23
P49256	Canis lupus familiaris	Metazoa	356	44
Q9HBE5	Homo sapiens	Metazoa	538	19
H6U1I8	Tanacetum cinerariifolium	Viridiplantae	365	27
Q4WZ11	Aspergillus fumigatus	Fungi	87	19
P27275	Amaranthus caudatus	Viridiplantae	86	25
Q9U943	Locusta migratoria	Metazoa	3380	21
P83234	Ophiophagus hannah	Metazoa	190	20
Q9NRC9	Homo sapiens	Metazoa	128	17
P13691	Hordeum vulgare	Viridiplantae	152	30
P15270	Dictyostelium discoideum	Other	424	23
U6BLZ9	Penicillium canescens	Fungi	463	26
Q9SU40	Arabidopsis thaliana	Viridiplantae	587	20
Q28173	Bos taurus	Metazoa	416	22
Q63372	Rattus norvegicus	Metazoa	1530	30
Q6F4C6	Pinctada fucata	Metazoa	121	16
P08541	Rattus norvegicus	Metazoa	530	23
A0A0F7YZQ7	Conus victoriae	Metazoa	100	24
P55847	Penaeus japonicus	Metazoa	105	28
Q9QYH7	Rattus norvegicus	Metazoa	117	23
Q96HF1	Homo sapiens	Metazoa	295	24
Q5UCC4	Homo sapiens	Metazoa	262	25
Q62813	Rattus norvegicus	Metazoa	338	28
Q8MP06	Tyria jacobaeae	Metazoa	456	22
P24021	Aspergillus oryzae	Fungi	287	20
Q84V39	Olea europaea	Viridiplantae	123	21
P0DMD3	Scolopendra mutilans	Metazoa	105	21
P67788	Manduca sexta	Metazoa	65	19
Q8N4F0	Homo sapiens	Metazoa	458	20
Q08127	Anguilla anguilla	Metazoa	147	20
Q2ULM2	Aspergillus oryzae	Fungi	496	16
Q76CA2	Monoplex parthenopeus	Metazoa	275	23
Q09022	Xenopus laevis	Metazoa	84	18
A5HAK0	Danio rerio	Metazoa	149	22
P81605	Homo sapiens	Metazoa	110	19
P50895	Homo sapiens	Metazoa	628	31
P80370	Homo sapiens	Metazoa	383	23
P38660	Mesocricetus auratus	Metazoa	439	19
A1BQQ5	Conus marmoreus	Metazoa	289	24
Q42502	Solanum tuberosum	Viridiplantae	386	23
Q02942	Blaberus discoidalis	Metazoa	726	16
P19594	Glycine max	Viridiplantae	158	21
P27613	Trichostrongylus colubriformis	Metazoa	173	15
Q9BZM5	Homo sapiens	Metazoa	246	25
P67861	Daboia russelii	Metazoa	144	24
Q8WZI8	Aspergillus niger	Fungi	521	17
P04062	Homo sapiens	Metazoa	536	39
P18709	Xenopus laevis	Metazoa	1807	15
Q62632	Rattus norvegicus	Metazoa	306	18
P25068	Bos taurus	Metazoa	64	26
P01070	Glycine max	Viridiplantae	216	24
Q3L1D1	Agaricus bisporus	Fungi	594	25
P25311	Homo sapiens	Metazoa	298	20
Q27908	Pinctada fucata	Metazoa	447	17
O95633	Homo sapiens	Metazoa	263	26
P18657	Macaca fascicularis	Metazoa	83	26
Q9Y279	Homo sapiens	Metazoa	399	19
P83869	Drosophila melanogaster	Metazoa	46	22
P81058	Penaeus vannamei	Metazoa	82	19
P81999	Canis lupus familiaris	Metazoa	358	22
Q5ZPR3	Homo sapiens	Metazoa	534	28
P31723	Penicillium citrinum	Fungi	511	35
A0A1L6K371	Juglans nigra	Viridiplantae	510	23
Q9SLP4	Tulipa saxatilis subsp. bakeri	Viridiplantae	314	26
P09791	Trypanosoma brucei brucei	Other	129	27
O14773	Homo sapiens	Metazoa	563	19
Q00870	Fusarium solani subsp. phaseoli	Fungi	350	19
Q29422	Ovis aries	Metazoa	333	20
Q8MMH3	Pimpla hypochondriaca	Metazoa	488	19
Q2U4L7	Aspergillus oryzae	Fungi	690	20
Q9TVX3	Olivierus martensii	Metazoa	61	28
P43077	Candida albicans	Fungi	562	22
P30659	Lutzomyia longipalpis	Metazoa	86	23
Q8MVA6	Ixodes scapularis	Metazoa	69	23
Q6GU94	Centruroides limpidus	Metazoa	56	24
P30986	Eschscholzia californica	Viridiplantae	538	23
P28088	Bos taurus	Metazoa	441	26
P14384	Homo sapiens	Metazoa	443	17
Q8W257	Ptilota filicina	Other	500	21
O18330	Apis mellifera	Metazoa	432	19
Q06KA5	Phlebotomus duboscqi	Metazoa	142	20
O14625	Homo sapiens	Metazoa	94	21
P45478	Bos taurus	Metazoa	306	27
Q8WUJ3	Homo sapiens	Metazoa	1361	30
P0C8E7	Rhipicephalus sanguineus	Metazoa	114	20
Q8MI35	Sus scrofa	Metazoa	152	32
P02783	Rattus norvegicus	Metazoa	112	21
Q99MA2	Rattus norvegicus	Metazoa	674	22
B8JLQ9	Danio rerio	Metazoa	363	24
P11021	Homo sapiens	Metazoa	654	18
O93233	Gloydius brevicaudus siniticus	Metazoa	331	23
G3MYZ3	Bos taurus	Metazoa	604	21
P48439	Saccharomyces cerevisiae	Fungi	350	22
Q9R100	Mus musculus	Metazoa	827	25
P01903	Homo sapiens	Metazoa	254	25
Q6UXL0	Homo sapiens	Metazoa	311	29
P86798	Cupiennius salei	Metazoa	140	19
G8YYA5	Androctonus amoreuxi	Metazoa	74	22
Q15762	Homo sapiens	Metazoa	336	18
P07712	Aplysia californica	Metazoa	112	23
P01579	Homo sapiens	Metazoa	166	23
P06911	Rattus norvegicus	Metazoa	188	19
P32478	Saccharomyces cerevisiae	Fungi	413	18
P07529	Naganishia albida	Fungi	332	21
Q09098	Mus musculus	Metazoa	99	23
P82143	Gloydius brevicaudus siniticus	Metazoa	200	19
Q86SC0	Oryctes rhinoceros	Metazoa	66	26
P58912	Phyllodiscus semoni	Metazoa	488	21
P80392	Meleagris gallopavo	Metazoa	64	28
P04639	Rattus norvegicus	Metazoa	259	18
Q9UAD0	Olivierus martensii	Metazoa	59	24
P80686	Tenebrio molitor	Metazoa	211	16
Q8T0W8	Gastrophysa atrocyanea	Metazoa	65	24
Q13421	Homo sapiens	Metazoa	630	36
O43278	Homo sapiens	Metazoa	529	35
P05160	Homo sapiens	Metazoa	661	20
Q60GF7	Rattus norvegicus	Metazoa	252	22
Q9P2K2	Homo sapiens	Metazoa	825	27
P29794	Canis lupus familiaris	Metazoa	180	20
P14630	Rattus norvegicus	Metazoa	190	17
Q9NPF0	Homo sapiens	Metazoa	282	35
Q08334	Homo sapiens	Metazoa	325	19
Q8N441	Homo sapiens	Metazoa	504	24
P16882	Mus musculus	Metazoa	650	24
P15516	Homo sapiens	Metazoa	51	19
Q13651	Homo sapiens	Metazoa	578	21
Q9H9K5	Homo sapiens	Metazoa	563	26
B0XRV0	Aspergillus fumigatus	Fungi	721	18
P09470	Mus musculus	Metazoa	1312	34
Q5MJP5	Anuroctonus phaiodactylus	Metazoa	90	18
P16636	Rattus norvegicus	Metazoa	411	21
A0A482A9N4	Talaromyces verruculosus	Fungi	328	21
Q9NR61	Homo sapiens	Metazoa	685	26
P00533	Homo sapiens	Metazoa	1210	24
Q9BX59	Homo sapiens	Metazoa	468	18
P18684	Protophormia terraenovae	Metazoa	101	18
P08603	Homo sapiens	Metazoa	1231	18
P31096	Bos taurus	Metazoa	278	16
P19425	Aedes aegypti	Metazoa	97	19
A4LAR6	Grifola frondosa	Fungi	107	24
Q9XYT4	Cryptorchestia cavimana	Metazoa	128	20
P01165	Sus scrofa	Metazoa	207	22
P51654	Homo sapiens	Metazoa	580	24
P0CS93	Gibberella zeae	Fungi	680	24
P29007	Bombina orientalis	Metazoa	155	31
P49259	Bos taurus	Metazoa	1463	20
P10562	Canavalia gladiata	Viridiplantae	445	26
P33577	Petromyzon marinus	Metazoa	119	19
Q9NSA1	Homo sapiens	Metazoa	209	28
Q6UW56	Homo sapiens	Metazoa	229	30
P17697	Bos taurus	Metazoa	439	19
P85213	Galleria mellonella	Metazoa	72	29
Q6UWV2	Homo sapiens	Metazoa	235	31
P00687	Mus musculus	Metazoa	511	15
Q76BW5	Oryza sativa subsp. japonica	Viridiplantae	290	25
Q1HAY7	Holotrichia diomphalia	Metazoa	317	23
B2KNH9	Dendrobium findlayanum	Viridiplantae	167	24
Q8GT41	Platanus acerifolia	Viridiplantae	179	23
A0A1W6EVM7	Ampulex compressa	Metazoa	50	26
Q29381	Sus scrofa	Metazoa	439	25
Q9NAX4	Dictyostelium discoideum	Other	464	17
Q99944	Homo sapiens	Metazoa	293	25
P22362	Homo sapiens	Metazoa	96	23
Q09140	Schizosaccharomyces pombe	Fungi	1448	18
P22388	Rattus norvegicus	Metazoa	202	25
P0C8E8	Rhipicephalus sanguineus	Metazoa	86	20
Q01638	Homo sapiens	Metazoa	556	18
P10675	Schistocerca americana	Metazoa	662	24
P02896	Trypanosoma brucei brucei	Other	526	33
P33681	Homo sapiens	Metazoa	288	34
Q62598	Rattus norvegicus	Metazoa	687	17
P28039	Homo sapiens	Metazoa	575	23
P23577	Chlamydomonas reinhardtii	Viridiplantae	317	31
Q8HYA9	Sus scrofa	Metazoa	185	20
P55899	Homo sapiens	Metazoa	365	23
Q00954	Rattus norvegicus	Metazoa	218	18
P01500	Apis mellifera	Metazoa	46	27
Q9XSW3	Sus scrofa	Metazoa	240	18
P48842	Aspergillus aculeatus	Fungi	350	16
Q86R84	Dermatophagoides farinae	Metazoa	462	25
Q6UWN5	Homo sapiens	Metazoa	251	25
P01148	Homo sapiens	Metazoa	92	23
P01189	Homo sapiens	Metazoa	267	26
A0A023W145	Ethmostigmus rubripes	Metazoa	88	24
P98066	Homo sapiens	Metazoa	277	17
P00450	Homo sapiens	Metazoa	1065	19
P26780	Sinapis alba	Viridiplantae	99	30
Q9TY95	Plasmodium falciparum	Other	997	22
Q95JC9	Sus scrofa	Metazoa	676	16
P20160	Homo sapiens	Metazoa	251	19
P47710	Homo sapiens	Metazoa	185	15
P13686	Homo sapiens	Metazoa	325	21
Q7SCE9	Neurospora crassa	Fungi	385	18
P27797	Homo sapiens	Metazoa	417	17
Q8NBI3	Homo sapiens	Metazoa	349	25
Q6IV20	Gallus gallus	Metazoa	104	22
O76192	Galleria mellonella	Metazoa	167	17
Q969P0	Homo sapiens	Metazoa	613	27
Q6Z232	Oryza sativa subsp. japonica	Viridiplantae	146	42
P32803	Saccharomyces cerevisiae	Fungi	203	20
P42098	Sus scrofa	Metazoa	421	22
A9UGV5	Oryza sativa subsp. japonica	Viridiplantae	68	30
P07602	Homo sapiens	Metazoa	524	16
Q805F3	Xenopus laevis	Metazoa	397	16
Q02747	Homo sapiens	Metazoa	115	21
Q27967	Bos taurus	Metazoa	203	23
P56201	Oryctolagus cuniculus	Metazoa	797	24
Q6UW88	Homo sapiens	Metazoa	154	22
P56829	Ovis aries	Metazoa	195	23
P0DPZ2	Scolopendra dehaani	Metazoa	101	23
P80961	Myoxocephalus octodecemspinosus	Metazoa	128	20
Q63415	Rattus norvegicus	Metazoa	937	45
P02765	Homo sapiens	Metazoa	367	18
P28906	Homo sapiens	Metazoa	385	31
P04119	Sus scrofa	Metazoa	178	18
O14791	Homo sapiens	Metazoa	398	27
P30919	Rattus norvegicus	Metazoa	345	23
P82384	Drosophila melanogaster	Metazoa	92	16
O60602	Homo sapiens	Metazoa	858	20
P55057	Oryctolagus cuniculus	Metazoa	124	27
P91745	Lucilia cuprina	Metazoa	375	20
P29421	Oryza sativa subsp. japonica	Viridiplantae	200	22
P52798	Homo sapiens	Metazoa	201	25
Q14210	Homo sapiens	Metazoa	128	20
Q9UHF4	Homo sapiens	Metazoa	553	29
Q86YL7	Homo sapiens	Metazoa	162	22
A6XMY0	Hyas araneus	Metazoa	64	25
Q9LXD6	Arabidopsis thaliana	Viridiplantae	773	23
F1N5C8	Bos taurus	Metazoa	445	22
O62644	Bos taurus	Metazoa	151	18
P35777	Solenopsis invicta	Metazoa	137	19
P32004	Homo sapiens	Metazoa	1257	19
Q5D710	Scylla serrata	Metazoa	126	24
Q9H1M4	Homo sapiens	Metazoa	99	20
Q8JFQ0	Bombina maxima	Metazoa	96	19
P0DPU8	Scolopendra dehaani	Metazoa	105	24
Q92563	Homo sapiens	Metazoa	424	22
Q00657	Rattus norvegicus	Metazoa	2326	29
Q39688	Daucus carota	Viridiplantae	389	24
Q5WPZ4	Lutzomyia longipalpis	Metazoa	115	22
E9NX73	Fagopyrum tataricum	Viridiplantae	149	22
Q95UE8	Lucilia cuprina	Metazoa	220	19
B3STN7	Nosema bombycis	Fungi	316	18
P17301	Homo sapiens	Metazoa	1181	29
Q16568	Homo sapiens	Metazoa	116	27
P05113	Homo sapiens	Metazoa	134	19
Q6XE38	Homo sapiens	Metazoa	83	21
Q9UKZ9	Homo sapiens	Metazoa	415	23
O60844	Homo sapiens	Metazoa	167	16
P02780	Rattus norvegicus	Metazoa	95	18
O96059	Bombyx mori	Metazoa	66	24
Q9H6E4	Homo sapiens	Metazoa	229	22
Q42656	Coffea arabica	Viridiplantae	378	15
P00651	Aspergillus oryzae	Fungi	130	26
Q01151	Homo sapiens	Metazoa	205	19
Q05895	Mus musculus	Metazoa	956	21
Q12396	Saccharomyces cerevisiae	Fungi	444	46
Q96PL1	Homo sapiens	Metazoa	93	21
Q6UWY5	Homo sapiens	Metazoa	402	28
Q8WWA0	Homo sapiens	Metazoa	313	18
Q0P569	Bos taurus	Metazoa	474	24
P20826	Mus musculus	Metazoa	273	25
Q62192	Mus musculus	Metazoa	661	20
Q0ZS87	Phlebotomus perniciosus	Metazoa	393	18
P11438	Mus musculus	Metazoa	406	24
P07457	Zoarces americanus	Metazoa	87	22
P11911	Mus musculus	Metazoa	220	28
Q9P246	Homo sapiens	Metazoa	746	14
P35578	Zootoca vivipara	Metazoa	172	21
F1RRV3	Sus scrofa	Metazoa	2692	19
P05164	Homo sapiens	Metazoa	745	48
P81623	Bos taurus	Metazoa	258	29
O64411	Zea mays	Viridiplantae	500	28
P16112	Homo sapiens	Metazoa	2530	16
Q13433	Homo sapiens	Metazoa	755	28
P26732	Bombyx mori	Metazoa	92	19
Q14802	Homo sapiens	Metazoa	87	20
P15247	Mus musculus	Metazoa	144	18
P81492	Hirudinaria manillensis	Metazoa	84	20
Q9NPG1	Homo sapiens	Metazoa	666	22
Q8MI01	Bos taurus	Metazoa	330	23
P59938	Olivierus martensii	Metazoa	57	21
Q99935	Homo sapiens	Metazoa	248	21
P05059	Bos taurus	Metazoa	449	18
O97939	Sus scrofa	Metazoa	1142	38
Q867W1	Procambarus clarkii	Metazoa	76	27
B0FHH8	Manduca sexta	Metazoa	151	18
P0DL37	Urodacus yaschenkoi	Metazoa	62	24
Q8T1G4	Dictyostelium discoideum	Other	181	19
Q95NY5	Anopheles stephensi	Metazoa	315	18
Q4V645	Drosophila melanogaster	Metazoa	108	29
Q9N4D8	Caenorhabditis elegans	Metazoa	123	17
Q71DJ5	Arabidopsis thaliana	Viridiplantae	393	20
I6S390	Scolopendra mutilans	Metazoa	76	22
O96910	Aplysia californica	Metazoa	76	18
P01830	Rattus norvegicus	Metazoa	161	19
P01168	Sus scrofa	Metazoa	116	24
F1AWB0	Vaejovis mexicanus	Metazoa	82	22
P01038	Gallus gallus	Metazoa	139	23
P29320	Homo sapiens	Metazoa	983	20
Q01528	Limulus polyphemus	Metazoa	172	19
P20797	Antheraea polyphemus	Metazoa	163	21
Q8ISL8	Apis mellifera	Metazoa	78	24
P04925	Mus musculus	Metazoa	254	22
P80748	Homo sapiens	Metazoa	117	17
Q01129	Rattus norvegicus	Metazoa	354	16
P04937	Rattus norvegicus	Metazoa	2477	24
Q6X4U4	Homo sapiens	Metazoa	206	23
Q53B52	Ophiophagus hannah	Metazoa	78	21
Q27441	Aplysia californica	Metazoa	92	21
P21956	Mus musculus	Metazoa	463	22
O35806	Rattus norvegicus	Metazoa	1764	35
P18417	Catharanthus roseus	Viridiplantae	352	31
P0DPU3	Scolopendra dehaani	Metazoa	577	25
Q9UBN6	Homo sapiens	Metazoa	386	55
Q7Z1K3	Anisakis simplex	Metazoa	194	23
Q5G8A6	Tityus costatus	Metazoa	87	19
Q15465	Homo sapiens	Metazoa	462	23
O94985	Homo sapiens	Metazoa	981	28
P12729	Dictyostelium discoideum	Other	168	19
Q945U0	Phytophthora sojae	Other	257	28
Q99ML8	Mus musculus	Metazoa	113	23
Q55GS3	Dictyostelium discoideum	Other	607	19
P48747	Oryctolagus cuniculus	Metazoa	557	21
P34998	Homo sapiens	Metazoa	415	23
P04706	Zea mays	Viridiplantae	223	19
Q969J5	Homo sapiens	Metazoa	263	21
Q86Y78	Homo sapiens	Metazoa	171	22
Q8NBK3	Homo sapiens	Metazoa	374	33
Q9YH85	Gallus gallus	Metazoa	2120	24
Q09131	Glycine max	Viridiplantae	464	30
Q76CE8	Typhula ishikariensis	Fungi	243	20
Q9Z0K8	Mus musculus	Metazoa	512	23
Q9ZT66	Zea mays	Viridiplantae	303	43
P51688	Homo sapiens	Metazoa	502	20
P08796	Dictyostelium discoideum	Other	514	19
O35310	Mus musculus	Metazoa	311	20
P19069	Cavia porcellus	Metazoa	1742	19
P81827	Rattus norvegicus	Metazoa	101	21
O18998	Oryctolagus cuniculus	Metazoa	281	21
B0JFB8	Antheraea mylitta	Metazoa	105	19
A0A7J6K7I9	Toxoplasma gondii	Other	553	64
Q6UXK5	Homo sapiens	Metazoa	716	25
A0A5C2A2T2	Conus purpurascens	Metazoa	178	24
Q9GZX6	Homo sapiens	Metazoa	179	33
P21128	Homo sapiens	Metazoa	410	18
L8BRS3	Morus alba	Viridiplantae	209	18
P12872	Homo sapiens	Metazoa	115	25
Q9NQ34	Homo sapiens	Metazoa	198	33
Q94637	Oscheius tipulae	Metazoa	1648	15
P25033	Hyalophora cecropia	Metazoa	413	19
P0DUT0	Doratifera vulnerans	Metazoa	46	19
F2QXM5	Komagataella phaffii	Fungi	587	19
K9L4P7	Penicillium chrysogenum	Fungi	604	18
P16150	Homo sapiens	Metazoa	400	19
Q95NK7	Olivierus martensii	Metazoa	54	23
Q5EPH2	Rhipicephalus bursa	Metazoa	97	22
Q3UN54	Mus musculus	Metazoa	99	21
Q9BWV1	Homo sapiens	Metazoa	1114	30
P36897	Homo sapiens	Metazoa	503	33
Q8I7X1	Porcellio scaber	Metazoa	145	21
Q9D6Y1	Mus musculus	Metazoa	273	21
P13725	Homo sapiens	Metazoa	252	25
Q9UK23	Homo sapiens	Metazoa	515	25
P81295	Juniperus ashei	Viridiplantae	225	26
Q9LJD9	Arabidopsis thaliana	Viridiplantae	60	27
P29026	Rhizopus oligosporus	Fungi	540	22
P81511	Hirudo medicinalis	Metazoa	81	15
P53616	Saccharomyces cerevisiae	Fungi	420	24
P09619	Homo sapiens	Metazoa	1106	32
Q95P08	Scutigera coleoptrata	Metazoa	656	18
P80022	Solanum lycopersicum	Viridiplantae	230	25
P15018	Homo sapiens	Metazoa	202	22
P20062	Homo sapiens	Metazoa	427	18
P81054	Grifola frondosa	Fungi	348	18
Q9UAH3	Pinctada fucata	Metazoa	129	23
P18892	Bos taurus	Metazoa	526	26
P11919	Manduca sexta	Metazoa	88	26
Q9GQV7	Aedes aegypti	Metazoa	128	22
P18181	Mus musculus	Metazoa	240	22
Q06KA2	Phlebotomus duboscqi	Metazoa	249	19
P04557	Bos taurus	Metazoa	140	25
E0X9F6	Thaumetopoea pityocampa	Metazoa	126	18
Q43871	Hordeum vulgare	Viridiplantae	115	25
Q96FE7	Homo sapiens	Metazoa	263	21
O02380	Tyrophagus putrescentiae	Metazoa	141	15
Q8SXL2	Drosophila melanogaster	Metazoa	136	24
Q99969	Homo sapiens	Metazoa	163	20
Q9U8X3	Tachypleus tridentatus	Metazoa	67	23
Q6ASY2	Oryza sativa subsp. japonica	Viridiplantae	178	26
Q4WL81	Aspergillus fumigatus	Fungi	234	20
Q8J0K5	Talaromyces funiculosus	Fungi	282	39
P05117	Solanum lycopersicum	Viridiplantae	457	24
Q9NR16	Homo sapiens	Metazoa	1453	40
Q6UW32	Homo sapiens	Metazoa	110	24
Q9Y251	Homo sapiens	Metazoa	543	35
P07359	Homo sapiens	Metazoa	652	16
P81702	Ceratocystis fimbriata f. sp. platani	Fungi	134	14
P79073	Hypocrea jecorina	Fungi	86	15
Q6DWK3	Colletotrichum lindemuthianum	Fungi	248	26
Q7SZI7	Xenopus laevis	Metazoa	1219	22
